artifact,dataset,model,operator,fold,branches,residual_mode,timestamp,mean_pairwise_distance,max_pairwise_distance,pair_count
branch_diversity,DD,HorizontalRes,GCNConv,0,B1,identity,20260507_080131,0.0,0.0,0
branch_diversity,DD,HorizontalRes,GCNConv,0,B2,identity,20260507_080428,0.1278786063194275,0.1278786063194275,1
branch_diversity,DD,HorizontalRes,GCNConv,0,B3,identity,20260506_220125,0.556830108165741,0.5594345927238464,3
branch_diversity,DD,HorizontalRes,GCNConv,0,B3,identity,20260506_222850,0.7024520834287008,0.7089879512786865,3
branch_diversity,DD,HorizontalRes,GCNConv,0,B3,identity,20260507_080744,0.7344671289126078,0.7452146410942078,3
branch_diversity,DD,HorizontalRes,GCNConv,0,B4,identity,20260507_081259,1.011413296063741,1.3236888647079468,6
branch_diversity,DD,HorizontalRes,GCNConv,0,B5,identity,20260507_081815,1.3345814645290375,1.7772138118743896,10
branch_diversity,DD,HorizontalRes,GCNConv,0,B6,identity,20260507_083144,1.355522664388021,2.0950632095336914,15
branch_diversity,DD,HorizontalRes,GCNConv,0,B7,identity,20260507_084435,1.2209314150469643,1.96980881690979,21
branch_diversity,DD,HorizontalRes,GCNConv,0,B8,identity,20260507_085842,1.551178174359458,2.515692949295044,28
branch_diversity,DD,HorizontalRes,GCNConv,1,B1,identity,20260507_080133,0.0,0.0,0
branch_diversity,DD,HorizontalRes,GCNConv,1,B2,identity,20260507_080434,0.17798322439193726,0.17798322439193726,1
branch_diversity,DD,HorizontalRes,GCNConv,1,B3,identity,20260506_222945,1.0453624924023945,1.1720165014266968,3
branch_diversity,DD,HorizontalRes,GCNConv,1,B3,identity,20260507_080912,0.9874769051869711,1.0753741264343262,3
branch_diversity,DD,HorizontalRes,GCNConv,1,B4,identity,20260507_081317,1.2830702463785808,1.6037923097610474,6
branch_diversity,DD,HorizontalRes,GCNConv,1,B5,identity,20260507_082034,1.4321879208087922,2.150608539581299,10
branch_diversity,DD,HorizontalRes,GCNConv,1,B6,identity,20260507_083052,1.514547061920166,2.3290927410125732,15
branch_diversity,DD,HorizontalRes,GCNConv,1,B7,identity,20260507_084403,1.8397248756317865,2.9437694549560547,21
branch_diversity,DD,HorizontalRes,GCNConv,1,B8,identity,20260507_090250,1.6317591496876307,2.702326536178589,28
branch_diversity,DD,HorizontalRes,GCNConv,2,B1,identity,20260507_075921,0.0,0.0,0
branch_diversity,DD,HorizontalRes,GCNConv,2,B2,identity,20260507_080344,0.170950785279274,0.170950785279274,1
branch_diversity,DD,HorizontalRes,GCNConv,2,B3,identity,20260506_222853,0.4693687856197357,0.491028755903244,3
branch_diversity,DD,HorizontalRes,GCNConv,2,B3,identity,20260507_080729,0.46610670288403827,0.487408846616745,3
branch_diversity,DD,HorizontalRes,GCNConv,2,B4,identity,20260507_081217,0.9084955851236979,1.1430705785751343,6
branch_diversity,DD,HorizontalRes,GCNConv,2,B5,identity,20260507_081758,1.1356326162815094,1.6877615451812744,10
branch_diversity,DD,HorizontalRes,GCNConv,2,B6,identity,20260507_082721,1.4149720907211303,2.186450481414795,15
branch_diversity,DD,HorizontalRes,GCNConv,2,B7,identity,20260507_084116,1.062603127388727,1.3821450471878052,21
branch_diversity,DD,HorizontalRes,GCNConv,2,B8,identity,20260507_085447,0.9439926019736699,1.2669552564620972,28
branch_diversity,DD,HorizontalRes,GCNConv,3,B1,identity,20260507_080159,0.0,0.0,0
branch_diversity,DD,HorizontalRes,GCNConv,3,B2,identity,20260507_080600,0.1501481980085373,0.1501481980085373,1
branch_diversity,DD,HorizontalRes,GCNConv,3,B3,identity,20260506_223023,0.870953897635142,1.015131950378418,3
branch_diversity,DD,HorizontalRes,GCNConv,3,B3,identity,20260507_081025,0.8547880252202352,0.9789132475852966,3
branch_diversity,DD,HorizontalRes,GCNConv,3,B4,identity,20260507_081539,1.0792777438958485,1.3056144714355469,6
branch_diversity,DD,HorizontalRes,GCNConv,3,B5,identity,20260507_082259,1.3024937510490417,1.7725123167037964,10
branch_diversity,DD,HorizontalRes,GCNConv,3,B6,identity,20260507_083353,1.5005273501078287,2.253937005996704,15
branch_diversity,DD,HorizontalRes,GCNConv,3,B7,identity,20260507_084923,1.1907164113862174,1.6669596433639526,21
branch_diversity,DD,HorizontalRes,GCNConv,3,B8,identity,20260507_090604,1.6129763275384903,2.4140985012054443,28
branch_diversity,DD,HorizontalRes,GCNConv,4,B1,identity,20260507_080232,0.0,0.0,0
branch_diversity,DD,HorizontalRes,GCNConv,4,B2,identity,20260507_080544,0.21639570593833923,0.21639570593833923,1
branch_diversity,DD,HorizontalRes,GCNConv,4,B3,identity,20260506_222946,0.7936583558718363,0.8212059140205383,3
branch_diversity,DD,HorizontalRes,GCNConv,4,B3,identity,20260507_080918,0.7851067980130514,0.814185619354248,3
branch_diversity,DD,HorizontalRes,GCNConv,4,B4,identity,20260507_081457,0.9151822427908579,1.1319847106933594,6
branch_diversity,DD,HorizontalRes,GCNConv,4,B5,identity,20260507_082051,1.2135409116744995,1.804943323135376,10
branch_diversity,DD,HorizontalRes,GCNConv,4,B6,identity,20260507_083618,1.0913347601890564,1.5202568769454956,15
branch_diversity,DD,HorizontalRes,GCNConv,4,B7,identity,20260507_084858,1.51674713407244,1.9225505590438843,21
branch_diversity,DD,HorizontalRes,GCNConv,4,B8,identity,20260507_090423,1.2630513651030404,1.7800869941711426,28
branch_diversity,DD,MatrixResGated,GCNConv,0,B1,sparse,20260507_100211,0.0,0.0,0
branch_diversity,DD,MatrixResGated,GCNConv,0,B2,sparse,20260507_100630,0.2129395455121994,0.2129395455121994,1
branch_diversity,DD,MatrixResGated,GCNConv,0,B3,sparse,20260506_220134,0.4852527876694997,0.5329079627990723,3
branch_diversity,DD,MatrixResGated,GCNConv,0,B3,sparse,20260506_223423,0.7127830783526102,0.7302817106246948,3
branch_diversity,DD,MatrixResGated,GCNConv,0,B3,sparse,20260507_084029,0.8752082387606303,1.003435492515564,3
branch_diversity,DD,MatrixResGated,GCNConv,0,B3,sparse,20260507_084411,0.7034081816673279,0.7244310975074768,3
branch_diversity,DD,MatrixResGated,GCNConv,0,B3,sparse,20260507_084458,0.8987826506296793,0.9548718333244324,3
branch_diversity,DD,MatrixResGated,GCNConv,0,B3,sparse,20260507_084733,0.8946391741434733,1.031272053718567,3
branch_diversity,DD,MatrixResGated,GCNConv,0,B3,sparse,20260507_084843,0.9470063845316569,1.0681694746017456,3
branch_diversity,DD,MatrixResGated,GCNConv,0,B3,sparse,20260507_084944,0.8249368667602539,0.8773963451385498,3
branch_diversity,DD,MatrixResGated,GCNConv,0,B3,sparse,20260507_085156,0.6844682892163595,0.7527590990066528,3
branch_diversity,DD,MatrixResGated,GCNConv,0,B3,sparse,20260507_085303,0.506428062915802,0.5406655669212341,3
branch_diversity,DD,MatrixResGated,GCNConv,0,B3,sparse,20260507_085353,0.6377792954444885,0.7478169202804565,3
branch_diversity,DD,MatrixResGated,GCNConv,0,B3,sparse,20260507_085613,0.6950624386469523,0.7053332924842834,3
branch_diversity,DD,MatrixResGated,GCNConv,0,B3,sparse,20260507_085803,0.9251688321431478,1.1782890558242798,3
branch_diversity,DD,MatrixResGated,GCNConv,0,B3,sparse,20260507_085958,0.8769279718399048,0.8824262022972107,3
branch_diversity,DD,MatrixResGated,GCNConv,0,B3,sparse,20260507_090029,0.9664234121640524,1.1089922189712524,3
branch_diversity,DD,MatrixResGated,GCNConv,0,B3,sparse,20260507_090225,0.7076189915339152,0.7229167222976685,3
branch_diversity,DD,MatrixResGated,GCNConv,0,B3,sparse,20260507_090507,0.6674415270487467,0.7294454574584961,3
branch_diversity,DD,MatrixResGated,GCNConv,0,B3,sparse,20260507_090601,0.9007410009702047,0.9445637464523315,3
branch_diversity,DD,MatrixResGated,GCNConv,0,B3,sparse,20260507_090946,0.7767715454101562,0.8443185687065125,3
branch_diversity,DD,MatrixResGated,GCNConv,0,B3,sparse,20260507_091221,0.7075415253639221,0.7255721688270569,3
branch_diversity,DD,MatrixResGated,GCNConv,0,B3,sparse,20260507_091253,0.9221375783284506,1.0122462511062622,3
branch_diversity,DD,MatrixResGated,GCNConv,0,B3,sparse,20260507_100929,0.697151799996694,0.7096419930458069,3
branch_diversity,DD,MatrixResGated,GCNConv,0,B4,sparse,20260507_101254,0.9845850467681885,1.3219367265701294,6
branch_diversity,DD,MatrixResGated,GCNConv,0,B5,sparse,20260507_101837,1.2152820825576782,1.5984883308410645,10
branch_diversity,DD,MatrixResGated,GCNConv,0,B6,sparse,20260507_102427,1.3441937168439229,2.1698131561279297,15
branch_diversity,DD,MatrixResGated,GCNConv,0,B7,sparse,20260507_103151,1.3848877946535747,2.4877254962921143,21
branch_diversity,DD,MatrixResGated,GCNConv,0,B8,sparse,20260507_103803,1.4190403414624078,2.518704652786255,28
branch_diversity,DD,MatrixResGated,GCNConv,1,B1,sparse,20260507_100337,0.0,0.0,0
branch_diversity,DD,MatrixResGated,GCNConv,1,B2,sparse,20260507_100658,0.24694591760635376,0.24694591760635376,1
branch_diversity,DD,MatrixResGated,GCNConv,1,B3,sparse,20260506_223526,0.8969047665596008,1.027216911315918,3
branch_diversity,DD,MatrixResGated,GCNConv,1,B3,sparse,20260507_101020,0.9002745747566223,1.0195690393447876,3
branch_diversity,DD,MatrixResGated,GCNConv,1,B4,sparse,20260507_101433,1.2992857495943706,1.7039443254470825,6
branch_diversity,DD,MatrixResGated,GCNConv,1,B5,sparse,20260507_101852,1.5176493227481842,2.294926643371582,10
branch_diversity,DD,MatrixResGated,GCNConv,1,B6,sparse,20260507_102531,1.3619632562001547,2.027017116546631,15
branch_diversity,DD,MatrixResGated,GCNConv,1,B7,sparse,20260507_103147,1.6098610957463582,2.5931060314178467,21
branch_diversity,DD,MatrixResGated,GCNConv,1,B8,sparse,20260507_104116,1.6614733785390854,2.825611114501953,28
branch_diversity,DD,MatrixResGated,GCNConv,2,B1,sparse,20260507_100357,0.0,0.0,0
branch_diversity,DD,MatrixResGated,GCNConv,2,B2,sparse,20260507_100639,0.29521432518959045,0.29521432518959045,1
branch_diversity,DD,MatrixResGated,GCNConv,2,B3,sparse,20260506_223451,0.7108566363652548,0.7553601861000061,3
branch_diversity,DD,MatrixResGated,GCNConv,2,B3,sparse,20260507_101018,0.7112614313761393,0.756284773349762,3
branch_diversity,DD,MatrixResGated,GCNConv,2,B4,sparse,20260507_101313,1.3170259296894073,1.777185320854187,6
branch_diversity,DD,MatrixResGated,GCNConv,2,B5,sparse,20260507_101726,1.2620848715305328,2.037724494934082,10
branch_diversity,DD,MatrixResGated,GCNConv,2,B6,sparse,20260507_102322,1.2903438766797384,1.9922813177108765,15
branch_diversity,DD,MatrixResGated,GCNConv,2,B7,sparse,20260507_103029,1.578055012793768,2.1674344539642334,21
branch_diversity,DD,MatrixResGated,GCNConv,2,B8,sparse,20260507_103845,1.6887302568980627,2.741144895553589,28
branch_diversity,DD,MatrixResGated,GCNConv,3,B1,sparse,20260507_100432,0.0,0.0,0
branch_diversity,DD,MatrixResGated,GCNConv,3,B2,sparse,20260507_100855,0.24531085789203644,0.24531085789203644,1
branch_diversity,DD,MatrixResGated,GCNConv,3,B3,sparse,20260506_223613,0.7470527489980062,0.7983534932136536,3
branch_diversity,DD,MatrixResGated,GCNConv,3,B3,sparse,20260507_101126,0.7645005981127421,0.8098421096801758,3
branch_diversity,DD,MatrixResGated,GCNConv,3,B4,sparse,20260507_101523,1.1112839182217915,1.4035873413085938,6
branch_diversity,DD,MatrixResGated,GCNConv,3,B5,sparse,20260507_102049,1.3370562136173247,1.962167501449585,10
branch_diversity,DD,MatrixResGated,GCNConv,3,B6,sparse,20260507_102655,1.0427208145459492,1.519379734992981,15
branch_diversity,DD,MatrixResGated,GCNConv,3,B7,sparse,20260507_103513,1.42292735122499,2.253232955932617,21
branch_diversity,DD,MatrixResGated,GCNConv,3,B8,sparse,20260507_104254,1.5945388759885515,2.7731590270996094,28
branch_diversity,DD,MatrixResGated,GCNConv,4,B1,sparse,20260507_100438,0.0,0.0,0
branch_diversity,DD,MatrixResGated,GCNConv,4,B2,sparse,20260507_100745,0.3364222049713135,0.3364222049713135,1
branch_diversity,DD,MatrixResGated,GCNConv,4,B3,sparse,20260506_223605,0.9569016297658285,0.998673141002655,3
branch_diversity,DD,MatrixResGated,GCNConv,4,B3,sparse,20260507_101140,0.9570237199465433,0.9985864758491516,3
branch_diversity,DD,MatrixResGated,GCNConv,4,B4,sparse,20260507_101458,1.3613144755363464,1.7956830263137817,6
branch_diversity,DD,MatrixResGated,GCNConv,4,B5,sparse,20260507_102044,1.182214230298996,1.936694622039795,10
branch_diversity,DD,MatrixResGated,GCNConv,4,B6,sparse,20260507_102716,1.3286703864733378,2.027827501296997,15
branch_diversity,DD,MatrixResGated,GCNConv,4,B7,sparse,20260507_103440,1.65971230892908,2.4904119968414307,21
branch_diversity,DD,MatrixResGated,GCNConv,4,B8,sparse,20260507_104131,1.3307215762989861,2.050720691680908,28
branch_diversity,DD,MatrixRes,GCNConv,0,B1,identity,20260507_091148,0.0,0.0,0
branch_diversity,DD,MatrixRes,GCNConv,0,B2,identity,20260507_091452,0.16203738749027252,0.16203738749027252,1
branch_diversity,DD,MatrixRes,GCNConv,0,B3,identity,20260506_220130,0.9235974748929342,1.087707757949829,3
branch_diversity,DD,MatrixRes,GCNConv,0,B3,identity,20260506_223200,1.129348635673523,1.433769941329956,3
branch_diversity,DD,MatrixRes,GCNConv,0,B3,identity,20260507_082526,1.3947161436080933,1.7989133596420288,3
branch_diversity,DD,MatrixRes,GCNConv,0,B3,identity,20260507_082557,1.1169739961624146,1.1416295766830444,3
branch_diversity,DD,MatrixRes,GCNConv,0,B3,identity,20260507_082600,1.0913779735565186,1.3829573392868042,3
branch_diversity,DD,MatrixRes,GCNConv,0,B3,identity,20260507_083013,0.9476033846537272,1.0592328310012817,3
branch_diversity,DD,MatrixRes,GCNConv,0,B3,identity,20260507_083052,1.4088497559229534,1.7737172842025757,3
branch_diversity,DD,MatrixRes,GCNConv,0,B3,identity,20260507_083113,1.2253794074058533,1.5745213031768799,3
branch_diversity,DD,MatrixRes,GCNConv,0,B3,identity,20260507_083510,1.0012847582499187,1.2331738471984863,3
branch_diversity,DD,MatrixRes,GCNConv,0,B3,identity,20260507_083551,0.8227535088857015,1.0202463865280151,3
branch_diversity,DD,MatrixRes,GCNConv,0,B3,identity,20260507_083601,0.8534823755423228,1.1129590272903442,3
branch_diversity,DD,MatrixRes,GCNConv,0,B3,identity,20260507_083936,1.2442039251327515,1.584659218788147,3
branch_diversity,DD,MatrixRes,GCNConv,0,B3,identity,20260507_084252,1.4785552819569905,1.6093641519546509,3
branch_diversity,DD,MatrixRes,GCNConv,0,B3,identity,20260507_091841,1.0641113917032878,1.3475972414016724,3
branch_diversity,DD,MatrixRes,GCNConv,0,B4,identity,20260507_092313,1.5905824899673462,2.293724536895752,6
branch_diversity,DD,MatrixRes,GCNConv,0,B5,identity,20260507_092952,1.5027408182621003,2.100969076156616,10
branch_diversity,DD,MatrixRes,GCNConv,0,B6,identity,20260507_093718,1.7608556270599365,2.718201160430908,15
branch_diversity,DD,MatrixRes,GCNConv,0,B7,identity,20260507_094819,2.030096105166844,3.080181837081909,21
branch_diversity,DD,MatrixRes,GCNConv,0,B8,identity,20260507_095714,2.2044659852981567,3.879666566848755,28
branch_diversity,DD,MatrixRes,GCNConv,1,B1,identity,20260507_091301,0.0,0.0,0
branch_diversity,DD,MatrixRes,GCNConv,1,B2,identity,20260507_091548,0.1671772599220276,0.1671772599220276,1
branch_diversity,DD,MatrixRes,GCNConv,1,B3,identity,20260506_223212,1.4423535664876301,1.7800174951553345,3
branch_diversity,DD,MatrixRes,GCNConv,1,B3,identity,20260507_091915,1.4147645235061646,1.6892558336257935,3
branch_diversity,DD,MatrixRes,GCNConv,1,B4,identity,20260507_092428,1.7806394894917805,2.368199586868286,6
branch_diversity,DD,MatrixRes,GCNConv,1,B5,identity,20260507_093055,2.166825759410858,2.9566256999969482,10
branch_diversity,DD,MatrixRes,GCNConv,1,B6,identity,20260507_094006,2.3061419248580934,3.413522958755493,15
branch_diversity,DD,MatrixRes,GCNConv,1,B7,identity,20260507_094832,2.1216311000642323,3.202834129333496,21
branch_diversity,DD,MatrixRes,GCNConv,1,B8,identity,20260507_100055,2.6458971542971477,4.879659175872803,28
branch_diversity,DD,MatrixRes,GCNConv,2,B1,identity,20260507_091053,0.0,0.0,0
branch_diversity,DD,MatrixRes,GCNConv,2,B2,identity,20260507_091502,0.18450161814689636,0.18450161814689636,1
branch_diversity,DD,MatrixRes,GCNConv,2,B3,identity,20260506_223136,1.2853310704231262,1.5516818761825562,3
branch_diversity,DD,MatrixRes,GCNConv,2,B3,identity,20260507_091813,1.2854138016700745,1.5514007806777954,3
branch_diversity,DD,MatrixRes,GCNConv,2,B4,identity,20260507_092315,1.5953106085459392,2.0777647495269775,6
branch_diversity,DD,MatrixRes,GCNConv,2,B5,identity,20260507_092933,1.9741232872009278,3.032400369644165,10
branch_diversity,DD,MatrixRes,GCNConv,2,B6,identity,20260507_093751,2.299414618810018,3.270897388458252,15
branch_diversity,DD,MatrixRes,GCNConv,2,B7,identity,20260507_094737,2.131984835579282,3.1024978160858154,21
branch_diversity,DD,MatrixRes,GCNConv,2,B8,identity,20260507_095909,2.464704313448497,4.200794696807861,28
branch_diversity,DD,MatrixRes,GCNConv,3,B1,identity,20260507_091349,0.0,0.0,0
branch_diversity,DD,MatrixRes,GCNConv,3,B2,identity,20260507_091630,0.2091800570487976,0.2091800570487976,1
branch_diversity,DD,MatrixRes,GCNConv,3,B3,identity,20260506_223325,1.1663686037063599,1.4771263599395752,3
branch_diversity,DD,MatrixRes,GCNConv,3,B3,identity,20260507_092104,1.1730448206265767,1.4951761960983276,3
branch_diversity,DD,MatrixRes,GCNConv,3,B4,identity,20260507_092640,1.6878910660743713,2.4424102306365967,6
branch_diversity,DD,MatrixRes,GCNConv,3,B5,identity,20260507_093417,1.8689225912094116,2.6646504402160645,10
branch_diversity,DD,MatrixRes,GCNConv,3,B6,identity,20260507_094314,2.163965439796448,3.3808650970458984,15
branch_diversity,DD,MatrixRes,GCNConv,3,B7,identity,20260507_095424,2.030090576126462,3.246887445449829,21
branch_diversity,DD,MatrixRes,GCNConv,3,B8,identity,20260507_100524,2.2884358295372556,4.132763862609863,28
branch_diversity,DD,MatrixRes,GCNConv,4,B1,identity,20260507_091317,0.0,0.0,0
branch_diversity,DD,MatrixRes,GCNConv,4,B2,identity,20260507_091618,0.193912535905838,0.193912535905838,1
branch_diversity,DD,MatrixRes,GCNConv,4,B3,identity,20260506_223318,1.5491546789805095,1.802734375,3
branch_diversity,DD,MatrixRes,GCNConv,4,B3,identity,20260507_092016,1.5490779876708984,1.802925705909729,3
branch_diversity,DD,MatrixRes,GCNConv,4,B4,identity,20260507_092533,1.630868375301361,2.1592912673950195,6
branch_diversity,DD,MatrixRes,GCNConv,4,B5,identity,20260507_093247,1.9896881580352783,2.92627215385437,10
branch_diversity,DD,MatrixRes,GCNConv,4,B6,identity,20260507_094131,1.7626044114430746,2.7142741680145264,15
branch_diversity,DD,MatrixRes,GCNConv,4,B7,identity,20260507_095212,2.062388701098306,3.067629814147949,21
branch_diversity,DD,MatrixRes,GCNConv,4,B8,identity,20260507_100319,2.0354102786098207,3.268434762954712,28
branch_diversity,DD,Plain,GCNConv,0,B3,identity,20260506_220121,0.49198739727338153,0.5092984437942505,3
branch_diversity,DD,Plain,GCNConv,0,B3,identity,20260506_222425,1.1659163037935893,1.3524341583251953,3
branch_diversity,DD,Plain,GCNConv,1,B3,identity,20260506_222440,1.0793409148852031,1.1926243305206299,3
branch_diversity,DD,Plain,GCNConv,2,B3,identity,20260506_222348,0.5176774164040884,0.6003319025039673,3
branch_diversity,DD,Plain,GCNConv,3,B3,identity,20260506_222519,0.9768628080685934,1.274129033088684,3
branch_diversity,DD,Plain,GCNConv,4,B3,identity,20260506_222520,1.316028654575348,1.7691055536270142,3
branch_diversity,DD,VerticalRes,GCNConv,0,B3,identity,20260506_220142,0.682408352692922,0.7385615110397339,3
branch_diversity,DD,VerticalRes,GCNConv,0,B3,identity,20260506_222633,1.551825761795044,1.5603433847427368,3
branch_diversity,DD,VerticalRes,GCNConv,1,B3,identity,20260506_222706,1.360011100769043,1.572042465209961,3
branch_diversity,DD,VerticalRes,GCNConv,2,B3,identity,20260506_222614,1.144177496433258,1.449524998664856,3
branch_diversity,DD,VerticalRes,GCNConv,3,B3,identity,20260506_222800,1.2059516509373982,1.244717001914978,3
branch_diversity,DD,VerticalRes,GCNConv,4,B3,identity,20260506_222734,1.94051327308019,2.4900176525115967,3
branch_diversity,ENZYMES,HorizontalRes,GCNConv,0,B3,identity,20260506_220151,0.4263512392838796,0.48655828833580017,3
branch_diversity,ENZYMES,HorizontalRes,GCNConv,0,B3,identity,20260506_223728,0.4263512392838796,0.48655828833580017,3
branch_diversity,ENZYMES,HorizontalRes,GCNConv,1,B3,identity,20260506_223737,1.0468888680140178,1.2965176105499268,3
branch_diversity,ENZYMES,HorizontalRes,GCNConv,2,B3,identity,20260506_223811,0.729780117670695,0.8325097560882568,3
branch_diversity,ENZYMES,HorizontalRes,GCNConv,3,B3,identity,20260506_223816,1.191458781560262,1.3890647888183594,3
branch_diversity,ENZYMES,HorizontalRes,GCNConv,4,B3,identity,20260506_223800,0.9439837137858073,1.0849794149398804,3
branch_diversity,ENZYMES,MatrixResGated,GCNConv,0,B3,sparse,20260506_220157,3.1621615091959634,3.8171274662017822,3
branch_diversity,ENZYMES,MatrixResGated,GCNConv,0,B3,sparse,20260506_224002,1.409268856048584,1.649351716041565,3
branch_diversity,ENZYMES,MatrixResGated,GCNConv,1,B3,sparse,20260506_224037,1.1629750728607178,1.2523852586746216,3
branch_diversity,ENZYMES,MatrixResGated,GCNConv,2,B3,sparse,20260506_224110,0.837708055973053,0.895058274269104,3
branch_diversity,ENZYMES,MatrixResGated,GCNConv,3,B3,sparse,20260506_224126,1.3810151815414429,1.4211901426315308,3
branch_diversity,ENZYMES,MatrixResGated,GCNConv,4,B3,sparse,20260506_224123,1.024871329466502,1.1109439134597778,3
branch_diversity,ENZYMES,MatrixRes,GCNConv,0,B3,identity,20260506_220155,6.2234218915303545,7.611269474029541,3
branch_diversity,ENZYMES,MatrixRes,GCNConv,0,B3,identity,20260506_223827,3.0137596925099692,3.7113656997680664,3
branch_diversity,ENZYMES,MatrixRes,GCNConv,1,B3,identity,20260506_223930,1.6225277582804363,1.7662842273712158,3
branch_diversity,ENZYMES,MatrixRes,GCNConv,2,B3,identity,20260506_223933,1.1535433133443196,1.3412812948226929,3
branch_diversity,ENZYMES,MatrixRes,GCNConv,3,B3,identity,20260506_223939,1.6459943056106567,1.902845859527588,3
branch_diversity,ENZYMES,MatrixRes,GCNConv,4,B3,identity,20260506_224018,1.421208421389262,1.6304265260696411,3
branch_diversity,ENZYMES,Plain,GCNConv,0,B3,identity,20260506_220147,0.2983956088622411,0.36243292689323425,3
branch_diversity,ENZYMES,Plain,GCNConv,0,B3,identity,20260506_223546,0.34112998843193054,0.37839001417160034,3
branch_diversity,ENZYMES,Plain,GCNConv,1,B3,identity,20260506_223611,2.134157578150431,2.6349568367004395,3
branch_diversity,ENZYMES,Plain,GCNConv,2,B3,identity,20260506_223636,1.7885542313257854,2.286447048187256,3
branch_diversity,ENZYMES,Plain,GCNConv,3,B3,identity,20260506_223642,2.789018233617147,3.025487184524536,3
branch_diversity,ENZYMES,Plain,GCNConv,4,B3,identity,20260506_223630,2.009531259536743,2.4092366695404053,3
branch_diversity,ENZYMES,VerticalRes,GCNConv,0,B3,identity,20260506_220153,0.9244590401649475,1.0110628604888916,3
branch_diversity,ENZYMES,VerticalRes,GCNConv,0,B3,identity,20260506_223644,0.9244590202967325,1.0110628604888916,3
branch_diversity,ENZYMES,VerticalRes,GCNConv,1,B3,identity,20260506_223655,2.0285143852233887,2.118851661682129,3
branch_diversity,ENZYMES,VerticalRes,GCNConv,2,B3,identity,20260506_223713,1.3358275095621746,1.4933335781097412,3
branch_diversity,ENZYMES,VerticalRes,GCNConv,3,B3,identity,20260506_223725,2.027857263882955,2.5965778827667236,3
branch_diversity,ENZYMES,VerticalRes,GCNConv,4,B3,identity,20260506_223716,1.8753019571304321,1.9416455030441284,3
branch_diversity,PROTEINS,HorizontalRes,GCNConv,0,B1,identity,20260507_075815,0.0,0.0,0
branch_diversity,PROTEINS,HorizontalRes,GCNConv,0,B2,identity,20260507_075937,0.2406240850687027,0.2406240850687027,1
branch_diversity,PROTEINS,HorizontalRes,GCNConv,0,B3,identity,20260506_220101,0.5193656583627065,0.6376182436943054,3
branch_diversity,PROTEINS,HorizontalRes,GCNConv,0,B3,identity,20260506_221921,0.9784160256385803,1.1882104873657227,3
branch_diversity,PROTEINS,HorizontalRes,GCNConv,0,B3,identity,20260507_080101,0.9991867343584696,1.205348014831543,3
branch_diversity,PROTEINS,HorizontalRes,GCNConv,0,B4,identity,20260507_080459,1.2763392229874928,1.8971439599990845,6
branch_diversity,PROTEINS,HorizontalRes,GCNConv,0,B5,identity,20260507_080928,1.3372137665748596,2.2007153034210205,10
branch_diversity,PROTEINS,HorizontalRes,GCNConv,0,B6,identity,20260507_081527,1.1911092797915142,1.6470777988433838,15
branch_diversity,PROTEINS,HorizontalRes,GCNConv,0,B7,identity,20260507_082054,1.4342557276998247,2.3610408306121826,21
branch_diversity,PROTEINS,HorizontalRes,GCNConv,0,B8,identity,20260507_082958,1.780128296996866,3.1074583530426025,28
branch_diversity,PROTEINS,HorizontalRes,GCNConv,1,B1,identity,20260507_075823,0.0,0.0,0
branch_diversity,PROTEINS,HorizontalRes,GCNConv,1,B2,identity,20260507_075956,0.2313404232263565,0.2313404232263565,1
branch_diversity,PROTEINS,HorizontalRes,GCNConv,1,B3,identity,20260506_221942,0.6859226624170939,0.796923041343689,3
branch_diversity,PROTEINS,HorizontalRes,GCNConv,1,B3,identity,20260507_080159,0.6474949022134145,0.7528652548789978,3
branch_diversity,PROTEINS,HorizontalRes,GCNConv,1,B4,identity,20260507_080521,1.0630295475323994,1.4082458019256592,6
branch_diversity,PROTEINS,HorizontalRes,GCNConv,1,B5,identity,20260507_080959,1.2208698749542237,1.9187325239181519,10
branch_diversity,PROTEINS,HorizontalRes,GCNConv,1,B6,identity,20260507_081602,1.3852132916450501,1.9567214250564575,15
branch_diversity,PROTEINS,HorizontalRes,GCNConv,1,B7,identity,20260507_082355,1.6574869326182775,2.780414342880249,21
branch_diversity,PROTEINS,HorizontalRes,GCNConv,1,B8,identity,20260507_083026,1.3749542853661947,2.278536796569824,28
branch_diversity,PROTEINS,HorizontalRes,GCNConv,2,B1,identity,20260507_075823,0.0,0.0,0
branch_diversity,PROTEINS,HorizontalRes,GCNConv,2,B2,identity,20260507_075925,0.21399086713790894,0.21399086713790894,1
branch_diversity,PROTEINS,HorizontalRes,GCNConv,2,B3,identity,20260506_221939,0.7466246088345846,0.8895843625068665,3
branch_diversity,PROTEINS,HorizontalRes,GCNConv,2,B3,identity,20260507_080133,0.7742027441660563,0.9336941838264465,3
branch_diversity,PROTEINS,HorizontalRes,GCNConv,2,B4,identity,20260507_080434,1.0759976506233215,1.3592288494110107,6
branch_diversity,PROTEINS,HorizontalRes,GCNConv,2,B5,identity,20260507_080908,1.0216526687145233,1.5055774450302124,10
branch_diversity,PROTEINS,HorizontalRes,GCNConv,2,B6,identity,20260507_081438,1.299628249804179,1.8071215152740479,15
branch_diversity,PROTEINS,HorizontalRes,GCNConv,2,B7,identity,20260507_082132,1.4229154700324649,2.356138229370117,21
branch_diversity,PROTEINS,HorizontalRes,GCNConv,2,B8,identity,20260507_082750,1.4545620552131109,2.080087661743164,28
branch_diversity,PROTEINS,HorizontalRes,GCNConv,3,B1,identity,20260507_075842,0.0,0.0,0
branch_diversity,PROTEINS,HorizontalRes,GCNConv,3,B2,identity,20260507_080005,0.21181559562683105,0.21181559562683105,1
branch_diversity,PROTEINS,HorizontalRes,GCNConv,3,B3,identity,20260506_221946,0.939393142859141,1.1702208518981934,3
branch_diversity,PROTEINS,HorizontalRes,GCNConv,3,B3,identity,20260507_080205,0.9487361113230387,1.17256760597229,3
branch_diversity,PROTEINS,HorizontalRes,GCNConv,3,B4,identity,20260507_080632,1.160367747147878,1.590588092803955,6
branch_diversity,PROTEINS,HorizontalRes,GCNConv,3,B5,identity,20260507_081128,1.149174976348877,1.6926829814910889,10
branch_diversity,PROTEINS,HorizontalRes,GCNConv,3,B6,identity,20260507_081811,1.4862985968589784,2.019299030303955,15
branch_diversity,PROTEINS,HorizontalRes,GCNConv,3,B7,identity,20260507_082431,1.5669700985863095,2.426659107208252,21
branch_diversity,PROTEINS,HorizontalRes,GCNConv,3,B8,identity,20260507_083143,1.4327603802084923,2.387622833251953,28
branch_diversity,PROTEINS,HorizontalRes,GCNConv,4,B1,identity,20260507_075844,0.0,0.0,0
branch_diversity,PROTEINS,HorizontalRes,GCNConv,4,B2,identity,20260507_080009,0.2076409012079239,0.2076409012079239,1
branch_diversity,PROTEINS,HorizontalRes,GCNConv,4,B3,identity,20260506_222002,0.7142059405644735,0.8279812335968018,3
branch_diversity,PROTEINS,HorizontalRes,GCNConv,4,B3,identity,20260507_080231,0.7348552743593851,0.8536450266838074,3
branch_diversity,PROTEINS,HorizontalRes,GCNConv,4,B4,identity,20260507_080621,1.1491223375002544,1.5762470960617065,6
branch_diversity,PROTEINS,HorizontalRes,GCNConv,4,B5,identity,20260507_081113,1.3348974466323853,1.8758481740951538,10
branch_diversity,PROTEINS,HorizontalRes,GCNConv,4,B6,identity,20260507_081740,1.7031044244766236,2.4379491806030273,15
branch_diversity,PROTEINS,HorizontalRes,GCNConv,4,B7,identity,20260507_082332,1.223010227793739,1.612215280532837,21
branch_diversity,PROTEINS,HorizontalRes,GCNConv,4,B8,identity,20260507_083156,1.6783056110143661,2.6183602809906006,28
branch_diversity,PROTEINS,MatrixResGated,GCNConv,0,B1,sparse,20260507_091732,0.0,0.0,0
branch_diversity,PROTEINS,MatrixResGated,GCNConv,0,B2,sparse,20260507_092148,0.3960818946361542,0.3960818946361542,1
branch_diversity,PROTEINS,MatrixResGated,GCNConv,0,B3,sparse,20260506_220105,3.3913166522979736,3.9651918411254883,3
branch_diversity,PROTEINS,MatrixResGated,GCNConv,0,B3,sparse,20260506_222218,1.2632189989089966,1.3233749866485596,3
branch_diversity,PROTEINS,MatrixResGated,GCNConv,0,B3,sparse,20260507_080508,1.851413091023763,2.059788942337036,3
branch_diversity,PROTEINS,MatrixResGated,GCNConv,0,B3,sparse,20260507_080732,1.2524890502293904,1.3179126977920532,3
branch_diversity,PROTEINS,MatrixResGated,GCNConv,0,B3,sparse,20260507_080735,1.1855920553207397,1.2498979568481445,3
branch_diversity,PROTEINS,MatrixResGated,GCNConv,0,B3,sparse,20260507_080741,0.913190225760142,1.1031770706176758,3
branch_diversity,PROTEINS,MatrixResGated,GCNConv,0,B3,sparse,20260507_081000,1.8978616793950398,2.112745523452759,3
branch_diversity,PROTEINS,MatrixResGated,GCNConv,0,B3,sparse,20260507_081007,1.247137467066447,1.3117910623550415,3
branch_diversity,PROTEINS,MatrixResGated,GCNConv,0,B3,sparse,20260507_081014,0.9457254807154337,1.0175433158874512,3
branch_diversity,PROTEINS,MatrixResGated,GCNConv,0,B3,sparse,20260507_081237,0.745334525903066,0.7898210883140564,3
branch_diversity,PROTEINS,MatrixResGated,GCNConv,0,B3,sparse,20260507_081244,1.1699950695037842,1.3096562623977661,3
branch_diversity,PROTEINS,MatrixResGated,GCNConv,0,B3,sparse,20260507_081253,1.25495445728302,1.3085345029830933,3
branch_diversity,PROTEINS,MatrixResGated,GCNConv,0,B3,sparse,20260507_081510,1.3407226006189983,1.4478306770324707,3
branch_diversity,PROTEINS,MatrixResGated,GCNConv,0,B3,sparse,20260507_081524,2.042630751927694,2.3680520057678223,3
branch_diversity,PROTEINS,MatrixResGated,GCNConv,0,B3,sparse,20260507_081533,1.5994765758514404,1.7818535566329956,3
branch_diversity,PROTEINS,MatrixResGated,GCNConv,0,B3,sparse,20260507_081752,1.289303223292033,1.3615378141403198,3
branch_diversity,PROTEINS,MatrixResGated,GCNConv,0,B3,sparse,20260507_081805,1.1291511058807373,1.2079417705535889,3
branch_diversity,PROTEINS,MatrixResGated,GCNConv,0,B3,sparse,20260507_081814,1.1280550161997478,1.3845702409744263,3
branch_diversity,PROTEINS,MatrixResGated,GCNConv,0,B3,sparse,20260507_082035,1.2325188318888347,1.2541207075119019,3
branch_diversity,PROTEINS,MatrixResGated,GCNConv,0,B3,sparse,20260507_082048,1.247914433479309,1.3284244537353516,3
branch_diversity,PROTEINS,MatrixResGated,GCNConv,0,B3,sparse,20260507_082057,1.6188048124313354,1.8650761842727661,3
branch_diversity,PROTEINS,MatrixResGated,GCNConv,0,B3,sparse,20260507_092516,1.2781010468800862,1.334160327911377,3
branch_diversity,PROTEINS,MatrixResGated,GCNConv,0,B4,sparse,20260507_092906,2.0725013812383017,2.892017126083374,6
branch_diversity,PROTEINS,MatrixResGated,GCNConv,0,B5,sparse,20260507_093625,1.8380217552185059,2.530423879623413,10
branch_diversity,PROTEINS,MatrixResGated,GCNConv,0,B6,sparse,20260507_094310,2.4307249546051026,3.4538633823394775,15
branch_diversity,PROTEINS,MatrixResGated,GCNConv,0,B7,sparse,20260507_095516,2.6922806728453863,4.129119396209717,21
branch_diversity,PROTEINS,MatrixResGated,GCNConv,0,B8,sparse,20260507_100244,2.5557398881231035,3.549083709716797,28
branch_diversity,PROTEINS,MatrixResGated,GCNConv,1,B1,sparse,20260507_091839,0.0,0.0,0
branch_diversity,PROTEINS,MatrixResGated,GCNConv,1,B2,sparse,20260507_092143,0.3859165608882904,0.3859165608882904,1
branch_diversity,PROTEINS,MatrixResGated,GCNConv,1,B3,sparse,20260506_222231,1.4703160921732585,1.6036043167114258,3
branch_diversity,PROTEINS,MatrixResGated,GCNConv,1,B3,sparse,20260507_092610,1.339644233385722,1.4945148229599,3
branch_diversity,PROTEINS,MatrixResGated,GCNConv,1,B4,sparse,20260507_092943,1.9146415889263153,2.409106969833374,6
branch_diversity,PROTEINS,MatrixResGated,GCNConv,1,B5,sparse,20260507_093636,1.9732044517993927,3.0429189205169678,10
branch_diversity,PROTEINS,MatrixResGated,GCNConv,1,B6,sparse,20260507_094557,2.1595006863276165,3.1778650283813477,15
branch_diversity,PROTEINS,MatrixResGated,GCNConv,1,B7,sparse,20260507_095442,2.6576163939067294,3.9450857639312744,21
branch_diversity,PROTEINS,MatrixResGated,GCNConv,1,B8,sparse,20260507_100451,2.7120581098965237,3.885803699493408,28
branch_diversity,PROTEINS,MatrixResGated,GCNConv,2,B1,sparse,20260507_091922,0.0,0.0,0
branch_diversity,PROTEINS,MatrixResGated,GCNConv,2,B2,sparse,20260507_092158,0.4101378321647644,0.4101378321647644,1
branch_diversity,PROTEINS,MatrixResGated,GCNConv,2,B3,sparse,20260506_222245,1.4007879495620728,1.5153740644454956,3
branch_diversity,PROTEINS,MatrixResGated,GCNConv,2,B3,sparse,20260507_092611,1.3896852334340413,1.513917326927185,3
branch_diversity,PROTEINS,MatrixResGated,GCNConv,2,B4,sparse,20260507_093053,1.942334920167923,2.4584999084472656,6
branch_diversity,PROTEINS,MatrixResGated,GCNConv,2,B5,sparse,20260507_093532,2.055866706371307,2.8839962482452393,10
branch_diversity,PROTEINS,MatrixResGated,GCNConv,2,B6,sparse,20260507_094601,2.05382981300354,2.7607297897338867,15
branch_diversity,PROTEINS,MatrixResGated,GCNConv,2,B7,sparse,20260507_095434,3.193248544420515,4.943906784057617,21
branch_diversity,PROTEINS,MatrixResGated,GCNConv,2,B8,sparse,20260507_100705,2.361580044031143,3.149773597717285,28
branch_diversity,PROTEINS,MatrixResGated,GCNConv,3,B1,sparse,20260507_092001,0.0,0.0,0
branch_diversity,PROTEINS,MatrixResGated,GCNConv,3,B2,sparse,20260507_092323,0.4050390422344208,0.4050390422344208,1
branch_diversity,PROTEINS,MatrixResGated,GCNConv,3,B3,sparse,20260506_222301,1.412276307741801,1.5876617431640625,3
branch_diversity,PROTEINS,MatrixResGated,GCNConv,3,B3,sparse,20260507_092711,1.345421314239502,1.544638991355896,3
branch_diversity,PROTEINS,MatrixResGated,GCNConv,3,B4,sparse,20260507_093152,1.7292937437693279,2.175504207611084,6
branch_diversity,PROTEINS,MatrixResGated,GCNConv,3,B5,sparse,20260507_094027,1.9907849192619325,2.69008207321167,10
branch_diversity,PROTEINS,MatrixResGated,GCNConv,3,B6,sparse,20260507_094828,2.2256328503290814,3.155679225921631,15
branch_diversity,PROTEINS,MatrixResGated,GCNConv,3,B7,sparse,20260507_100112,2.77720015957242,4.156378269195557,21
branch_diversity,PROTEINS,MatrixResGated,GCNConv,3,B8,sparse,20260507_100847,2.2289538042885915,3.3887126445770264,28
branch_diversity,PROTEINS,MatrixResGated,GCNConv,4,B1,sparse,20260507_091950,0.0,0.0,0
branch_diversity,PROTEINS,MatrixResGated,GCNConv,4,B2,sparse,20260507_092250,0.362264484167099,0.362264484167099,1
branch_diversity,PROTEINS,MatrixResGated,GCNConv,4,B3,sparse,20260506_222306,1.4170023600260417,1.6521284580230713,3
branch_diversity,PROTEINS,MatrixResGated,GCNConv,4,B3,sparse,20260507_092751,1.4244267145792644,1.6593044996261597,3
branch_diversity,PROTEINS,MatrixResGated,GCNConv,4,B4,sparse,20260507_093147,2.0826524098714194,2.7857627868652344,6
branch_diversity,PROTEINS,MatrixResGated,GCNConv,4,B5,sparse,20260507_093905,2.5567870140075684,4.006047248840332,10
branch_diversity,PROTEINS,MatrixResGated,GCNConv,4,B6,sparse,20260507_094911,3.0428259929021197,4.587771892547607,15
branch_diversity,PROTEINS,MatrixResGated,GCNConv,4,B7,sparse,20260507_095833,3.5021335624513172,5.363805770874023,21
branch_diversity,PROTEINS,MatrixResGated,GCNConv,4,B8,sparse,20260507_100813,4.819779068231583,7.143184185028076,28
branch_diversity,PROTEINS,MatrixRes,GCNConv,0,B1,identity,20260507_083105,0.0,0.0,0
branch_diversity,PROTEINS,MatrixRes,GCNConv,0,B2,identity,20260507_083422,0.2916366159915924,0.2916366159915924,1
branch_diversity,PROTEINS,MatrixRes,GCNConv,0,B3,identity,20260506_220101,6.645567735036214,8.0178804397583,3
branch_diversity,PROTEINS,MatrixRes,GCNConv,0,B3,identity,20260506_222106,2.02951987584432,2.3531086444854736,3
branch_diversity,PROTEINS,MatrixRes,GCNConv,0,B3,identity,20260507_075923,1.8574350277582805,2.1315195560455322,3
branch_diversity,PROTEINS,MatrixRes,GCNConv,0,B3,identity,20260507_075924,2.164905865987142,2.542602777481079,3
branch_diversity,PROTEINS,MatrixRes,GCNConv,0,B3,identity,20260507_080102,1.9540366729100545,2.3026387691497803,3
branch_diversity,PROTEINS,MatrixRes,GCNConv,0,B3,identity,20260507_080247,1.5779135624567668,1.8617451190948486,3
branch_diversity,PROTEINS,MatrixRes,GCNConv,0,B3,identity,20260507_080250,1.7855374415715535,1.9938206672668457,3
branch_diversity,PROTEINS,MatrixRes,GCNConv,0,B3,identity,20260507_080253,1.2258026599884033,1.3734924793243408,3
branch_diversity,PROTEINS,MatrixRes,GCNConv,0,B3,identity,20260507_080503,1.9754923184712727,2.252169370651245,3
branch_diversity,PROTEINS,MatrixRes,GCNConv,0,B3,identity,20260507_080515,2.005356192588806,2.248223304748535,3
branch_diversity,PROTEINS,MatrixRes,GCNConv,0,B3,identity,20260507_083719,1.9868545134862263,2.2791688442230225,3
branch_diversity,PROTEINS,MatrixRes,GCNConv,0,B4,identity,20260507_084432,2.843696633974711,3.882962942123413,6
branch_diversity,PROTEINS,MatrixRes,GCNConv,0,B5,identity,20260507_084950,3.099298965930939,4.131872653961182,10
branch_diversity,PROTEINS,MatrixRes,GCNConv,0,B6,identity,20260507_085951,3.8803239981333415,5.879687786102295,15
branch_diversity,PROTEINS,MatrixRes,GCNConv,0,B7,identity,20260507_090742,4.647952409017654,7.227272033691406,21
branch_diversity,PROTEINS,MatrixRes,GCNConv,0,B8,identity,20260507_091235,4.202490610735757,6.502079963684082,28
branch_diversity,PROTEINS,MatrixRes,GCNConv,1,B1,identity,20260507_083150,0.0,0.0,0
branch_diversity,PROTEINS,MatrixRes,GCNConv,1,B2,identity,20260507_083416,0.30678582191467285,0.30678582191467285,1
branch_diversity,PROTEINS,MatrixRes,GCNConv,1,B3,identity,20260506_214212,1.062380313873291,1.133800745010376,3
branch_diversity,PROTEINS,MatrixRes,GCNConv,1,B3,identity,20260506_222107,2.1610743602116904,2.5101470947265625,3
branch_diversity,PROTEINS,MatrixRes,GCNConv,1,B3,identity,20260507_083942,2.141899824142456,2.4286158084869385,3
branch_diversity,PROTEINS,MatrixRes,GCNConv,1,B4,identity,20260507_084525,2.644138296445211,3.7913944721221924,6
branch_diversity,PROTEINS,MatrixRes,GCNConv,1,B5,identity,20260507_085216,3.2297309160232546,4.5545125007629395,10
branch_diversity,PROTEINS,MatrixRes,GCNConv,1,B6,identity,20260507_090232,3.590243593851725,5.6920247077941895,15
branch_diversity,PROTEINS,MatrixRes,GCNConv,1,B7,identity,20260507_090809,4.298875593003773,7.008732318878174,21
branch_diversity,PROTEINS,MatrixRes,GCNConv,1,B8,identity,20260507_091459,4.271154740027019,6.399760723114014,28
branch_diversity,PROTEINS,MatrixRes,GCNConv,2,B1,identity,20260507_083232,0.0,0.0,0
branch_diversity,PROTEINS,MatrixRes,GCNConv,2,B2,identity,20260507_083404,0.3294467329978943,0.3294467329978943,1
branch_diversity,PROTEINS,MatrixRes,GCNConv,2,B3,identity,20260506_222104,1.9317497809727986,2.3094446659088135,3
branch_diversity,PROTEINS,MatrixRes,GCNConv,2,B3,identity,20260507_083830,2.1190630992253623,2.52401065826416,3
branch_diversity,PROTEINS,MatrixRes,GCNConv,2,B4,identity,20260507_084348,3.2868394255638123,4.286449432373047,6
branch_diversity,PROTEINS,MatrixRes,GCNConv,2,B5,identity,20260507_085115,3.2810932755470277,4.498509883880615,10
branch_diversity,PROTEINS,MatrixRes,GCNConv,2,B6,identity,20260507_090230,3.5049392620722455,5.171712875366211,15
branch_diversity,PROTEINS,MatrixRes,GCNConv,2,B7,identity,20260507_090804,5.066150426864624,8.310934066772461,21
branch_diversity,PROTEINS,MatrixRes,GCNConv,2,B8,identity,20260507_091657,3.1698545004640306,4.573502063751221,28
branch_diversity,PROTEINS,MatrixRes,GCNConv,3,B1,identity,20260507_083236,0.0,0.0,0
branch_diversity,PROTEINS,MatrixRes,GCNConv,3,B2,identity,20260507_083532,0.326437383890152,0.326437383890152,1
branch_diversity,PROTEINS,MatrixRes,GCNConv,3,B3,identity,20260506_222145,2.412464658419291,2.762082576751709,3
branch_diversity,PROTEINS,MatrixRes,GCNConv,3,B3,identity,20260507_083939,2.4078245162963867,2.758472442626953,3
branch_diversity,PROTEINS,MatrixRes,GCNConv,3,B4,identity,20260507_084730,2.895024220148722,3.9216463565826416,6
branch_diversity,PROTEINS,MatrixRes,GCNConv,3,B5,identity,20260507_085525,3.505269765853882,4.835545063018799,10
branch_diversity,PROTEINS,MatrixRes,GCNConv,3,B6,identity,20260507_090444,3.549186340967814,5.512329578399658,15
branch_diversity,PROTEINS,MatrixRes,GCNConv,3,B7,identity,20260507_091123,4.717216945829845,7.487674713134766,21
branch_diversity,PROTEINS,MatrixRes,GCNConv,3,B8,identity,20260507_092043,3.9217304374490465,5.639434337615967,28
branch_diversity,PROTEINS,MatrixRes,GCNConv,4,B1,identity,20260507_083227,0.0,0.0,0
branch_diversity,PROTEINS,MatrixRes,GCNConv,4,B2,identity,20260507_083520,0.2979188561439514,0.2979188561439514,1
branch_diversity,PROTEINS,MatrixRes,GCNConv,4,B3,identity,20260506_222142,2.1833095947901406,2.731410026550293,3
branch_diversity,PROTEINS,MatrixRes,GCNConv,4,B3,identity,20260507_084012,2.1832489172617593,2.7313477993011475,3
branch_diversity,PROTEINS,MatrixRes,GCNConv,4,B4,identity,20260507_084644,4.215048134326935,5.787287712097168,6
branch_diversity,PROTEINS,MatrixRes,GCNConv,4,B5,identity,20260507_085419,3.9634696006774903,5.763970851898193,10
branch_diversity,PROTEINS,MatrixRes,GCNConv,4,B6,identity,20260507_090504,4.352699136734008,6.957204818725586,15
branch_diversity,PROTEINS,MatrixRes,GCNConv,4,B7,identity,20260507_091019,5.525834537687755,7.924955368041992,21
branch_diversity,PROTEINS,MatrixRes,GCNConv,4,B8,identity,20260507_091919,4.27424960902759,6.6516852378845215,28
branch_diversity,PROTEINS,Plain,GCNConv,0,B3,identity,20260506_220056,0.6761731505393982,0.7175924777984619,3
branch_diversity,PROTEINS,Plain,GCNConv,0,B3,identity,20260506_221748,1.1738551060358684,1.3712447881698608,3
branch_diversity,PROTEINS,Plain,GCNConv,1,B3,identity,20260506_221803,1.0449924270311992,1.0937823057174683,3
branch_diversity,PROTEINS,Plain,GCNConv,2,B3,identity,20260506_221755,1.0068530042966206,1.0256959199905396,3
branch_diversity,PROTEINS,Plain,GCNConv,3,B3,identity,20260506_221806,1.2009503841400146,1.3090612888336182,3
branch_diversity,PROTEINS,Plain,GCNConv,4,B3,identity,20260506_221810,1.1609127124150593,1.3177921772003174,3
branch_diversity,PROTEINS,VerticalRes,GCNConv,0,B3,identity,20260506_220057,1.2211435635884602,1.2495754957199097,3
branch_diversity,PROTEINS,VerticalRes,GCNConv,0,B3,identity,20260506_221829,1.8501145044962566,1.9551732540130615,3
branch_diversity,PROTEINS,VerticalRes,GCNConv,1,B3,identity,20260506_221850,1.5974332491556804,1.7760307788848877,3
branch_diversity,PROTEINS,VerticalRes,GCNConv,2,B3,identity,20260506_220018,1.0561002492904663,1.1222350597381592,3
branch_diversity,PROTEINS,VerticalRes,GCNConv,2,B3,identity,20260506_221844,1.71410075823466,1.7260695695877075,3
branch_diversity,PROTEINS,VerticalRes,GCNConv,3,B3,identity,20260506_221851,2.1093873977661133,2.5124781131744385,3
branch_diversity,PROTEINS,VerticalRes,GCNConv,4,B3,identity,20260506_221901,1.7086657683054607,1.8299777507781982,3
