artifact,dataset,model,operator,fold,branches,residual_mode,timestamp,matrix_name,mean_cka_branch,max_cka_branch,min_cka_branch
cka_branch,DD,HorizontalRes,GCNConv,0,B1,identity,20260507_080131,cka_branch,1.0,1.0,1.0
cka_branch,DD,HorizontalRes,GCNConv,0,B2,identity,20260507_080428,cka_branch,0.9999650716781616,1.0,0.9999301433563232
cka_branch,DD,HorizontalRes,GCNConv,0,B3,identity,20260506_220125,cka_branch,0.9545745849609375,1.0,0.8704105019569397
cka_branch,DD,HorizontalRes,GCNConv,0,B3,identity,20260506_222850,cka_branch,0.9984169668621488,1.0,0.9954238533973694
cka_branch,DD,HorizontalRes,GCNConv,0,B3,identity,20260507_080744,cka_branch,0.9990201857354906,1.0,0.9971162676811218
cka_branch,DD,HorizontalRes,GCNConv,0,B4,identity,20260507_081259,cka_branch,0.988157831132412,1.0,0.9578065276145935
cka_branch,DD,HorizontalRes,GCNConv,0,B5,identity,20260507_081815,cka_branch,0.939353461265564,1.000000238418579,0.769090473651886
cka_branch,DD,HorizontalRes,GCNConv,0,B6,identity,20260507_083144,cka_branch,0.7478152811527252,1.0,0.24356332421302795
cka_branch,DD,HorizontalRes,GCNConv,0,B7,identity,20260507_084435,cka_branch,0.6677350452055737,1.000000238418579,0.09368928521871567
cka_branch,DD,HorizontalRes,GCNConv,0,B8,identity,20260507_085842,cka_branch,0.6990325707010925,1.0,0.31376731395721436
cka_branch,DD,HorizontalRes,GCNConv,1,B1,identity,20260507_080133,cka_branch,1.0,1.0,1.0
cka_branch,DD,HorizontalRes,GCNConv,1,B2,identity,20260507_080434,cka_branch,0.999998152256012,1.0,0.9999963045120239
cka_branch,DD,HorizontalRes,GCNConv,1,B3,identity,20260506_222945,cka_branch,0.9988257355160184,1.0,0.9965071678161621
cka_branch,DD,HorizontalRes,GCNConv,1,B3,identity,20260507_080912,cka_branch,0.9988652931319343,1.0,0.9966207146644592
cka_branch,DD,HorizontalRes,GCNConv,1,B4,identity,20260507_081317,cka_branch,0.9969623647630215,1.0,0.9900399446487427
cka_branch,DD,HorizontalRes,GCNConv,1,B5,identity,20260507_082034,cka_branch,0.9261001491546631,1.000000238418579,0.7347446084022522
cka_branch,DD,HorizontalRes,GCNConv,1,B6,identity,20260507_083052,cka_branch,0.9769506785604689,1.000000238418579,0.9095638394355774
cka_branch,DD,HorizontalRes,GCNConv,1,B7,identity,20260507_084403,cka_branch,0.6210709998802263,1.0000001192092896,0.121007040143013
cka_branch,DD,HorizontalRes,GCNConv,1,B8,identity,20260507_090250,cka_branch,0.9177081044763327,1.0,0.7138016819953918
cka_branch,DD,HorizontalRes,GCNConv,2,B1,identity,20260507_075921,cka_branch,1.0,1.0,1.0
cka_branch,DD,HorizontalRes,GCNConv,2,B2,identity,20260507_080344,cka_branch,0.9999952614307404,1.0,0.9999905228614807
cka_branch,DD,HorizontalRes,GCNConv,2,B3,identity,20260506_222853,cka_branch,0.9992255237367418,1.0,0.9976867437362671
cka_branch,DD,HorizontalRes,GCNConv,2,B3,identity,20260507_080729,cka_branch,0.9992277092403836,1.0000001192092896,0.9976934194564819
cka_branch,DD,HorizontalRes,GCNConv,2,B4,identity,20260507_081217,cka_branch,0.9966128505766392,1.0,0.9884889721870422
cka_branch,DD,HorizontalRes,GCNConv,2,B5,identity,20260507_081758,cka_branch,0.9944791340827942,1.0000001192092896,0.9856366515159607
cka_branch,DD,HorizontalRes,GCNConv,2,B6,identity,20260507_082721,cka_branch,0.9963000565767288,1.000000238418579,0.9891710877418518
cka_branch,DD,HorizontalRes,GCNConv,2,B7,identity,20260507_084116,cka_branch,0.9906587016825773,1.0,0.9776662588119507
cka_branch,DD,HorizontalRes,GCNConv,2,B8,identity,20260507_085447,cka_branch,0.9935312708839774,1.0,0.9820967316627502
cka_branch,DD,HorizontalRes,GCNConv,3,B1,identity,20260507_080159,cka_branch,1.0,1.0,1.0
cka_branch,DD,HorizontalRes,GCNConv,3,B2,identity,20260507_080600,cka_branch,0.9999982416629791,1.0,0.9999964833259583
cka_branch,DD,HorizontalRes,GCNConv,3,B3,identity,20260506_223023,cka_branch,0.997391144434611,1.000000238418579,0.9927406311035156
cka_branch,DD,HorizontalRes,GCNConv,3,B3,identity,20260507_081025,cka_branch,0.9975165393617418,1.0,0.9931644797325134
cka_branch,DD,HorizontalRes,GCNConv,3,B4,identity,20260507_081539,cka_branch,0.9968980401754379,1.0,0.9907723069190979
cka_branch,DD,HorizontalRes,GCNConv,3,B5,identity,20260507_082259,cka_branch,0.9736032366752625,1.000000238418579,0.9150031208992004
cka_branch,DD,HorizontalRes,GCNConv,3,B6,identity,20260507_083353,cka_branch,0.9940249356958601,1.0,0.976414680480957
cka_branch,DD,HorizontalRes,GCNConv,3,B7,identity,20260507_084923,cka_branch,0.9548608307935753,1.0,0.847614586353302
cka_branch,DD,HorizontalRes,GCNConv,3,B8,identity,20260507_090604,cka_branch,0.9308373145759106,1.0000001192092896,0.7675654292106628
cka_branch,DD,HorizontalRes,GCNConv,4,B1,identity,20260507_080232,cka_branch,1.0,1.0,1.0
cka_branch,DD,HorizontalRes,GCNConv,4,B2,identity,20260507_080544,cka_branch,0.9999060183763504,1.0,0.9998119473457336
cka_branch,DD,HorizontalRes,GCNConv,4,B3,identity,20260506_222946,cka_branch,0.999743660291036,1.0,0.9992763996124268
cka_branch,DD,HorizontalRes,GCNConv,4,B3,identity,20260507_080918,cka_branch,0.9997393687566122,1.0,0.9992616772651672
cka_branch,DD,HorizontalRes,GCNConv,4,B4,identity,20260507_081457,cka_branch,0.9983554147183895,1.0,0.9955389499664307
cka_branch,DD,HorizontalRes,GCNConv,4,B5,identity,20260507_082051,cka_branch,0.9943110227584839,1.0,0.982546865940094
cka_branch,DD,HorizontalRes,GCNConv,4,B6,identity,20260507_083618,cka_branch,0.9958882431189219,1.0,0.9831886887550354
cka_branch,DD,HorizontalRes,GCNConv,4,B7,identity,20260507_084858,cka_branch,0.990540401059754,1.0,0.9737837314605713
cka_branch,DD,HorizontalRes,GCNConv,4,B8,identity,20260507_090423,cka_branch,0.995532245375216,1.0000001192092896,0.9901712536811829
cka_branch,DD,MatrixResGated,GCNConv,0,B1,sparse,20260507_100211,cka_branch,1.0,1.0,1.0
cka_branch,DD,MatrixResGated,GCNConv,0,B2,sparse,20260507_100630,cka_branch,0.9998870193958282,1.0,0.9997739791870117
cka_branch,DD,MatrixResGated,GCNConv,0,B3,sparse,20260506_220134,cka_branch,0.9579717715581259,1.0,0.8794167041778564
cka_branch,DD,MatrixResGated,GCNConv,0,B3,sparse,20260506_223423,cka_branch,0.9938775764571296,1.0,0.9822385907173157
cka_branch,DD,MatrixResGated,GCNConv,0,B3,sparse,20260507_084029,cka_branch,0.9972818560070462,1.0000001192092896,0.9920312166213989
cka_branch,DD,MatrixResGated,GCNConv,0,B3,sparse,20260507_084411,cka_branch,0.9921717974874709,1.0,0.9772102236747742
cka_branch,DD,MatrixResGated,GCNConv,0,B3,sparse,20260507_084458,cka_branch,0.9898941848013136,1.000000238418579,0.9708477258682251
cka_branch,DD,MatrixResGated,GCNConv,0,B3,sparse,20260507_084733,cka_branch,0.996381680170695,1.0,0.9905920624732971
cka_branch,DD,MatrixResGated,GCNConv,0,B3,sparse,20260507_084843,cka_branch,0.9948794841766357,1.0000001192092896,0.9851072430610657
cka_branch,DD,MatrixResGated,GCNConv,0,B3,sparse,20260507_084944,cka_branch,0.9936820732222663,1.0,0.9815778732299805
cka_branch,DD,MatrixResGated,GCNConv,0,B3,sparse,20260507_085156,cka_branch,0.9852560626135932,1.0,0.9569326043128967
cka_branch,DD,MatrixResGated,GCNConv,0,B3,sparse,20260507_085303,cka_branch,0.9968975716167026,1.0,0.9911338686943054
cka_branch,DD,MatrixResGated,GCNConv,0,B3,sparse,20260507_085353,cka_branch,0.9952895906236436,1.0,0.986221969127655
cka_branch,DD,MatrixResGated,GCNConv,0,B3,sparse,20260507_085613,cka_branch,0.9932242830594381,1.0,0.9803019762039185
cka_branch,DD,MatrixResGated,GCNConv,0,B3,sparse,20260507_085803,cka_branch,0.9986058473587036,1.0,0.9958536624908447
cka_branch,DD,MatrixResGated,GCNConv,0,B3,sparse,20260507_085958,cka_branch,0.9983045922385322,1.0000001192092896,0.9953175783157349
cka_branch,DD,MatrixResGated,GCNConv,0,B3,sparse,20260507_090029,cka_branch,0.9977462026807997,1.0,0.99346923828125
cka_branch,DD,MatrixResGated,GCNConv,0,B3,sparse,20260507_090225,cka_branch,0.9942293299569024,1.0,0.9832985401153564
cka_branch,DD,MatrixResGated,GCNConv,0,B3,sparse,20260507_090507,cka_branch,0.996886134147644,1.0000001192092896,0.99173903465271
cka_branch,DD,MatrixResGated,GCNConv,0,B3,sparse,20260507_090601,cka_branch,0.9633017049895393,1.0,0.9247289299964905
cka_branch,DD,MatrixResGated,GCNConv,0,B3,sparse,20260507_090946,cka_branch,0.9884865548875597,1.0,0.9691842794418335
cka_branch,DD,MatrixResGated,GCNConv,0,B3,sparse,20260507_091221,cka_branch,0.9934874773025513,1.0,0.9810900092124939
cka_branch,DD,MatrixResGated,GCNConv,0,B3,sparse,20260507_091253,cka_branch,0.9939945207701789,1.0,0.9824092388153076
cka_branch,DD,MatrixResGated,GCNConv,0,B3,sparse,20260507_100929,cka_branch,0.9936263627476163,1.0000001192092896,0.9814369082450867
cka_branch,DD,MatrixResGated,GCNConv,0,B4,sparse,20260507_101254,cka_branch,0.9727375507354736,1.0,0.9052096009254456
cka_branch,DD,MatrixResGated,GCNConv,0,B5,sparse,20260507_101837,cka_branch,0.9075279068946839,1.0,0.6819698214530945
cka_branch,DD,MatrixResGated,GCNConv,0,B6,sparse,20260507_102427,cka_branch,0.8709654659032822,1.0000001192092896,0.6244317889213562
cka_branch,DD,MatrixResGated,GCNConv,0,B7,sparse,20260507_103151,cka_branch,0.8746373592590799,1.0,0.7012660503387451
cka_branch,DD,MatrixResGated,GCNConv,0,B8,sparse,20260507_103803,cka_branch,0.8155589131638408,1.0,0.5236455202102661
cka_branch,DD,MatrixResGated,GCNConv,1,B1,sparse,20260507_100337,cka_branch,1.000000238418579,1.000000238418579,1.000000238418579
cka_branch,DD,MatrixResGated,GCNConv,1,B2,sparse,20260507_100658,cka_branch,0.9999947398900986,1.0,0.99998939037323
cka_branch,DD,MatrixResGated,GCNConv,1,B3,sparse,20260506_223526,cka_branch,0.9998150931464301,1.0,0.999475359916687
cka_branch,DD,MatrixResGated,GCNConv,1,B3,sparse,20260507_101020,cka_branch,0.9997789727316962,1.0,0.9993616342544556
cka_branch,DD,MatrixResGated,GCNConv,1,B4,sparse,20260507_101433,cka_branch,0.9991084784269333,1.0,0.9969987273216248
cka_branch,DD,MatrixResGated,GCNConv,1,B5,sparse,20260507_101852,cka_branch,0.9956567072868348,1.000000238418579,0.9833933711051941
cka_branch,DD,MatrixResGated,GCNConv,1,B6,sparse,20260507_102531,cka_branch,0.9934616370333565,1.0,0.9766730666160583
cka_branch,DD,MatrixResGated,GCNConv,1,B7,sparse,20260507_103147,cka_branch,0.993015351344128,1.0,0.9813334345817566
cka_branch,DD,MatrixResGated,GCNConv,1,B8,sparse,20260507_104116,cka_branch,0.9765625316649675,1.0000001192092896,0.918163537979126
cka_branch,DD,MatrixResGated,GCNConv,2,B1,sparse,20260507_100357,cka_branch,1.0,1.0,1.0
cka_branch,DD,MatrixResGated,GCNConv,2,B2,sparse,20260507_100639,cka_branch,0.9999394714832306,1.0,0.9998789429664612
cka_branch,DD,MatrixResGated,GCNConv,2,B3,sparse,20260506_223451,cka_branch,0.9977660510275099,1.0,0.9934530854225159
cka_branch,DD,MatrixResGated,GCNConv,2,B3,sparse,20260507_101018,cka_branch,0.997779819700453,1.0000001192092896,0.9934961199760437
cka_branch,DD,MatrixResGated,GCNConv,2,B4,sparse,20260507_101313,cka_branch,0.9829140976071358,1.0,0.9425990581512451
cka_branch,DD,MatrixResGated,GCNConv,2,B5,sparse,20260507_101726,cka_branch,0.9851022744178772,1.0,0.9483209848403931
cka_branch,DD,MatrixResGated,GCNConv,2,B6,sparse,20260507_102322,cka_branch,0.980962849325604,1.0,0.9351040720939636
cka_branch,DD,MatrixResGated,GCNConv,2,B7,sparse,20260507_103029,cka_branch,0.9706341344483045,1.0,0.9247086644172668
cka_branch,DD,MatrixResGated,GCNConv,2,B8,sparse,20260507_103845,cka_branch,0.9539458053186536,1.0000001192092896,0.8631382584571838
cka_branch,DD,MatrixResGated,GCNConv,3,B1,sparse,20260507_100432,cka_branch,1.0,1.0,1.0
cka_branch,DD,MatrixResGated,GCNConv,3,B2,sparse,20260507_100855,cka_branch,0.9998548924922943,1.0,0.9997097849845886
cka_branch,DD,MatrixResGated,GCNConv,3,B3,sparse,20260506_223613,cka_branch,0.9943475988176134,1.0,0.9833170771598816
cka_branch,DD,MatrixResGated,GCNConv,3,B3,sparse,20260507_101126,cka_branch,0.993868907292684,1.0,0.9819026589393616
cka_branch,DD,MatrixResGated,GCNConv,3,B4,sparse,20260507_101523,cka_branch,0.9848149307072163,1.0,0.9489938616752625
cka_branch,DD,MatrixResGated,GCNConv,3,B5,sparse,20260507_102049,cka_branch,0.914040162563324,1.0,0.6946075558662415
cka_branch,DD,MatrixResGated,GCNConv,3,B6,sparse,20260507_102655,cka_branch,0.9438539892435074,1.0000001192092896,0.8122286796569824
cka_branch,DD,MatrixResGated,GCNConv,3,B7,sparse,20260507_103513,cka_branch,0.918056033095535,1.000000238418579,0.7447235584259033
cka_branch,DD,MatrixResGated,GCNConv,3,B8,sparse,20260507_104254,cka_branch,0.8991479715332389,1.0000001192092896,0.7229045629501343
cka_branch,DD,MatrixResGated,GCNConv,4,B1,sparse,20260507_100438,cka_branch,1.0,1.0,1.0
cka_branch,DD,MatrixResGated,GCNConv,4,B2,sparse,20260507_100745,cka_branch,0.9999720305204391,1.0,0.9999440908432007
cka_branch,DD,MatrixResGated,GCNConv,4,B3,sparse,20260506_223605,cka_branch,0.9986610015233358,1.0,0.9961459040641785
cka_branch,DD,MatrixResGated,GCNConv,4,B3,sparse,20260507_101140,cka_branch,0.9986584848827786,1.0,0.996136486530304
cka_branch,DD,MatrixResGated,GCNConv,4,B4,sparse,20260507_101458,cka_branch,0.9878495708107948,1.0,0.9595257043838501
cka_branch,DD,MatrixResGated,GCNConv,4,B5,sparse,20260507_102044,cka_branch,0.9816249203681946,1.0,0.9371142387390137
cka_branch,DD,MatrixResGated,GCNConv,4,B6,sparse,20260507_102716,cka_branch,0.9864958673715591,1.0,0.9590199589729309
cka_branch,DD,MatrixResGated,GCNConv,4,B7,sparse,20260507_103440,cka_branch,0.970743367866594,1.000000238418579,0.9299129247665405
cka_branch,DD,MatrixResGated,GCNConv,4,B8,sparse,20260507_104131,cka_branch,0.9597610784694552,1.0,0.899894654750824
cka_branch,DD,MatrixRes,GCNConv,0,B1,identity,20260507_091148,cka_branch,1.0,1.0,1.0
cka_branch,DD,MatrixRes,GCNConv,0,B2,identity,20260507_091452,cka_branch,0.9999859482049942,1.0,0.9999718070030212
cka_branch,DD,MatrixRes,GCNConv,0,B3,identity,20260506_220130,cka_branch,0.9855735434426202,1.0,0.9579921960830688
cka_branch,DD,MatrixRes,GCNConv,0,B3,identity,20260506_223200,cka_branch,0.9977671239111159,1.0,0.9933251142501831
cka_branch,DD,MatrixRes,GCNConv,0,B3,identity,20260507_082526,cka_branch,0.9990572068426344,1.0,0.9971814155578613
cka_branch,DD,MatrixRes,GCNConv,0,B3,identity,20260507_082557,cka_branch,0.9939099815156724,1.0,0.9817942976951599
cka_branch,DD,MatrixRes,GCNConv,0,B3,identity,20260507_082600,cka_branch,0.9980009661780463,1.0,0.994017481803894
cka_branch,DD,MatrixRes,GCNConv,0,B3,identity,20260507_083013,cka_branch,0.992890304989285,1.0,0.9799566864967346
cka_branch,DD,MatrixRes,GCNConv,0,B3,identity,20260507_083052,cka_branch,0.9983485473526849,1.0,0.995064377784729
cka_branch,DD,MatrixRes,GCNConv,0,B3,identity,20260507_083113,cka_branch,0.9968531926472982,1.0,0.990580677986145
cka_branch,DD,MatrixRes,GCNConv,0,B3,identity,20260507_083510,cka_branch,0.9991379645135667,1.0,0.9976518154144287
cka_branch,DD,MatrixRes,GCNConv,0,B3,identity,20260507_083551,cka_branch,0.9990112781524658,1.0000001192092896,0.9970666170120239
cka_branch,DD,MatrixRes,GCNConv,0,B3,identity,20260507_083601,cka_branch,0.9969814088609483,1.0,0.9910882711410522
cka_branch,DD,MatrixRes,GCNConv,0,B3,identity,20260507_083936,cka_branch,0.9970234433809916,1.0,0.9910953044891357
cka_branch,DD,MatrixRes,GCNConv,0,B3,identity,20260507_084252,cka_branch,0.9974140988455878,1.000000238418579,0.9922782182693481
cka_branch,DD,MatrixRes,GCNConv,0,B3,identity,20260507_091841,cka_branch,0.9976917306582133,1.0,0.9930910468101501
cka_branch,DD,MatrixRes,GCNConv,0,B4,identity,20260507_092313,cka_branch,0.9723994992673397,1.0,0.9044726490974426
cka_branch,DD,MatrixRes,GCNConv,0,B5,identity,20260507_092952,cka_branch,0.9862790560722351,1.0000003576278687,0.9515835642814636
cka_branch,DD,MatrixRes,GCNConv,0,B6,identity,20260507_093718,cka_branch,0.9413244310352538,1.0,0.8227692246437073
cka_branch,DD,MatrixRes,GCNConv,0,B7,identity,20260507_094819,cka_branch,0.9526180807425051,1.000000238418579,0.8884852528572083
cka_branch,DD,MatrixRes,GCNConv,0,B8,identity,20260507_095714,cka_branch,0.9217028571292758,1.0,0.7527028918266296
cka_branch,DD,MatrixRes,GCNConv,1,B1,identity,20260507_091301,cka_branch,1.0,1.0,1.0
cka_branch,DD,MatrixRes,GCNConv,1,B2,identity,20260507_091548,cka_branch,1.0,1.000000238418579,0.9999997615814209
cka_branch,DD,MatrixRes,GCNConv,1,B3,identity,20260506_223212,cka_branch,0.9999485280778673,1.0,0.999846875667572
cka_branch,DD,MatrixRes,GCNConv,1,B3,identity,20260507_091915,cka_branch,0.9999482168091668,1.0,0.9998462796211243
cka_branch,DD,MatrixRes,GCNConv,1,B4,identity,20260507_092428,cka_branch,0.9983823783695698,1.0000001192092896,0.9943938255310059
cka_branch,DD,MatrixRes,GCNConv,1,B5,identity,20260507_093055,cka_branch,0.998533992767334,1.0,0.9947810173034668
cka_branch,DD,MatrixRes,GCNConv,1,B6,identity,20260507_094006,cka_branch,0.9962445795536041,1.0,0.9873244762420654
cka_branch,DD,MatrixRes,GCNConv,1,B7,identity,20260507_094832,cka_branch,0.9951354204391947,1.000000238418579,0.985679566860199
cka_branch,DD,MatrixRes,GCNConv,1,B8,identity,20260507_100055,cka_branch,0.9921527812257409,1.0,0.9745635390281677
cka_branch,DD,MatrixRes,GCNConv,2,B1,identity,20260507_091053,cka_branch,1.0,1.0,1.0
cka_branch,DD,MatrixRes,GCNConv,2,B2,identity,20260507_091502,cka_branch,0.9999544024467468,1.000000238418579,0.9999086856842041
cka_branch,DD,MatrixRes,GCNConv,2,B3,identity,20260506_223136,cka_branch,0.9989512628979154,1.000000238418579,0.9968664646148682
cka_branch,DD,MatrixRes,GCNConv,2,B3,identity,20260507_091813,cka_branch,0.9989555809232924,1.0,0.9968796372413635
cka_branch,DD,MatrixRes,GCNConv,2,B4,identity,20260507_092315,cka_branch,0.9954195097088814,1.0,0.9849173426628113
cka_branch,DD,MatrixRes,GCNConv,2,B5,identity,20260507_092933,cka_branch,0.9901577639579773,1.0,0.965299129486084
cka_branch,DD,MatrixRes,GCNConv,2,B6,identity,20260507_093751,cka_branch,0.989560572637452,1.0,0.9670753479003906
cka_branch,DD,MatrixRes,GCNConv,2,B7,identity,20260507_094737,cka_branch,0.9865718775865983,1.0,0.9573020339012146
cka_branch,DD,MatrixRes,GCNConv,2,B8,identity,20260507_095909,cka_branch,0.9770290032029152,1.0,0.9421897530555725
cka_branch,DD,MatrixRes,GCNConv,3,B1,identity,20260507_091349,cka_branch,1.0,1.0,1.0
cka_branch,DD,MatrixRes,GCNConv,3,B2,identity,20260507_091630,cka_branch,0.9999929666519165,1.0,0.999985933303833
cka_branch,DD,MatrixRes,GCNConv,3,B3,identity,20260506_223325,cka_branch,0.9985239108403524,1.000000238418579,0.9955897331237793
cka_branch,DD,MatrixRes,GCNConv,3,B3,identity,20260507_092104,cka_branch,0.9985819922553169,1.0,0.9957655668258667
cka_branch,DD,MatrixRes,GCNConv,3,B4,identity,20260507_092640,cka_branch,0.9850413948297501,1.0,0.948306679725647
cka_branch,DD,MatrixRes,GCNConv,3,B5,identity,20260507_093417,cka_branch,0.985235047340393,1.0,0.9497628211975098
cka_branch,DD,MatrixRes,GCNConv,3,B6,identity,20260507_094314,cka_branch,0.9633732802338071,1.0,0.8753287196159363
cka_branch,DD,MatrixRes,GCNConv,3,B7,identity,20260507_095424,cka_branch,0.9806650171474535,1.0,0.9543159008026123
cka_branch,DD,MatrixRes,GCNConv,3,B8,identity,20260507_100524,cka_branch,0.9606914836913347,1.000000238418579,0.8751850724220276
cka_branch,DD,MatrixRes,GCNConv,4,B1,identity,20260507_091317,cka_branch,1.0,1.0,1.0
cka_branch,DD,MatrixRes,GCNConv,4,B2,identity,20260507_091618,cka_branch,0.9999812841415405,1.0,0.999962568283081
cka_branch,DD,MatrixRes,GCNConv,4,B3,identity,20260506_223318,cka_branch,0.9992260138193766,1.0,0.9976857900619507
cka_branch,DD,MatrixRes,GCNConv,4,B3,identity,20260507_092016,cka_branch,0.9992255833413866,1.0,0.9976844787597656
cka_branch,DD,MatrixRes,GCNConv,4,B4,identity,20260507_092533,cka_branch,0.9971578381955624,1.0,0.9903514385223389
cka_branch,DD,MatrixRes,GCNConv,4,B5,identity,20260507_093247,cka_branch,0.9890580248832702,1.0,0.9618917107582092
cka_branch,DD,MatrixRes,GCNConv,4,B6,identity,20260507_094131,cka_branch,0.9930857717990875,1.0,0.9807989597320557
cka_branch,DD,MatrixRes,GCNConv,4,B7,identity,20260507_095212,cka_branch,0.9848872106902453,1.0,0.960398256778717
cka_branch,DD,MatrixRes,GCNConv,4,B8,identity,20260507_100319,cka_branch,0.9834837866947055,1.0,0.9523453116416931
cka_branch,DD,Plain,GCNConv,0,B3,identity,20260506_220121,cka_branch,0.5274875428941515,1.0,0.20383214950561523
cka_branch,DD,Plain,GCNConv,0,B3,identity,20260506_222425,cka_branch,0.6364972061581082,1.0,0.22460561990737915
cka_branch,DD,Plain,GCNConv,1,B3,identity,20260506_222440,cka_branch,0.7625524997711182,1.0,0.40661564469337463
cka_branch,DD,Plain,GCNConv,2,B3,identity,20260506_222348,cka_branch,0.9870022137959799,1.0,0.9712673425674438
cka_branch,DD,Plain,GCNConv,3,B3,identity,20260506_222519,cka_branch,0.8648911449644301,1.0,0.7237797379493713
cka_branch,DD,Plain,GCNConv,4,B3,identity,20260506_222520,cka_branch,0.9897890090942383,1.0,0.9783353209495544
cka_branch,DD,VerticalRes,GCNConv,0,B3,identity,20260506_220142,cka_branch,0.6409967475467258,1.0,0.3856896758079529
cka_branch,DD,VerticalRes,GCNConv,0,B3,identity,20260506_222633,cka_branch,0.6698673466841379,1.000000238418579,0.24138827621936798
cka_branch,DD,VerticalRes,GCNConv,1,B3,identity,20260506_222706,cka_branch,0.7663846347067091,1.000000238418579,0.4375731945037842
cka_branch,DD,VerticalRes,GCNConv,2,B3,identity,20260506_222614,cka_branch,0.9814396699269613,1.0,0.9605779051780701
cka_branch,DD,VerticalRes,GCNConv,3,B3,identity,20260506_222800,cka_branch,0.7912389702267117,1.0,0.5549833178520203
cka_branch,DD,VerticalRes,GCNConv,4,B3,identity,20260506_222734,cka_branch,0.9903086490101285,1.0,0.9807947874069214
cka_branch,ENZYMES,HorizontalRes,GCNConv,0,B3,identity,20260506_220151,cka_branch,0.984795073668162,1.0,0.9575822949409485
cka_branch,ENZYMES,HorizontalRes,GCNConv,0,B3,identity,20260506_223728,cka_branch,0.9847950008180406,1.0,0.9575822949409485
cka_branch,ENZYMES,HorizontalRes,GCNConv,1,B3,identity,20260506_223737,cka_branch,0.91513991355896,1.0,0.750835120677948
cka_branch,ENZYMES,HorizontalRes,GCNConv,2,B3,identity,20260506_223811,cka_branch,0.9871169858508639,1.0,0.961534321308136
cka_branch,ENZYMES,HorizontalRes,GCNConv,3,B3,identity,20260506_223816,cka_branch,0.9915265242258707,1.0,0.9747467041015625
cka_branch,ENZYMES,HorizontalRes,GCNConv,4,B3,identity,20260506_223800,cka_branch,0.9942790733443366,1.0,0.9832183718681335
cka_branch,ENZYMES,MatrixResGated,GCNConv,0,B3,sparse,20260506_220157,cka_branch,0.9989794029129876,1.0,0.9974403381347656
cka_branch,ENZYMES,MatrixResGated,GCNConv,0,B3,sparse,20260506_224002,cka_branch,0.9986691210005019,1.000000238418579,0.996560275554657
cka_branch,ENZYMES,MatrixResGated,GCNConv,1,B3,sparse,20260506_224037,cka_branch,0.998344726032681,1.0,0.9951647520065308
cka_branch,ENZYMES,MatrixResGated,GCNConv,2,B3,sparse,20260506_224110,cka_branch,0.9980019066068861,1.0000001192092896,0.9943444132804871
cka_branch,ENZYMES,MatrixResGated,GCNConv,3,B3,sparse,20260506_224126,cka_branch,0.999770442644755,1.0000001192092896,0.9993217587471008
cka_branch,ENZYMES,MatrixResGated,GCNConv,4,B3,sparse,20260506_224123,cka_branch,0.998760806189643,1.0,0.9963685274124146
cka_branch,ENZYMES,MatrixRes,GCNConv,0,B3,identity,20260506_220155,cka_branch,0.9981894493103027,1.0,0.9950888156890869
cka_branch,ENZYMES,MatrixRes,GCNConv,0,B3,identity,20260506_223827,cka_branch,0.998926924334632,1.0,0.9970517754554749
cka_branch,ENZYMES,MatrixRes,GCNConv,1,B3,identity,20260506_223930,cka_branch,0.9984920289781358,1.0,0.9956587553024292
cka_branch,ENZYMES,MatrixRes,GCNConv,2,B3,identity,20260506_223933,cka_branch,0.9983844624625312,1.0,0.9952354431152344
cka_branch,ENZYMES,MatrixRes,GCNConv,3,B3,identity,20260506_223939,cka_branch,0.9997102618217468,1.0,0.9991592764854431
cka_branch,ENZYMES,MatrixRes,GCNConv,4,B3,identity,20260506_224018,cka_branch,0.9958392514122857,1.0,0.9875829815864563
cka_branch,ENZYMES,Plain,GCNConv,0,B3,identity,20260506_220147,cka_branch,0.9318877657254537,1.0,0.884341835975647
cka_branch,ENZYMES,Plain,GCNConv,0,B3,identity,20260506_223546,cka_branch,0.9885740809970431,1.0,0.9775434136390686
cka_branch,ENZYMES,Plain,GCNConv,1,B3,identity,20260506_223611,cka_branch,0.5099315378401015,1.0,0.09598135203123093
cka_branch,ENZYMES,Plain,GCNConv,2,B3,identity,20260506_223636,cka_branch,0.5896298504538007,1.0,0.0717211365699768
cka_branch,ENZYMES,Plain,GCNConv,3,B3,identity,20260506_223642,cka_branch,0.6925052669313219,1.0,0.4521947503089905
cka_branch,ENZYMES,Plain,GCNConv,4,B3,identity,20260506_223630,cka_branch,0.7239715953667959,1.0000001192092896,0.3910754323005676
cka_branch,ENZYMES,VerticalRes,GCNConv,0,B3,identity,20260506_220153,cka_branch,0.9193281928698221,1.0,0.8211079835891724
cka_branch,ENZYMES,VerticalRes,GCNConv,0,B3,identity,20260506_223644,cka_branch,0.9193282988336351,1.000000238418579,0.8211080431938171
cka_branch,ENZYMES,VerticalRes,GCNConv,1,B3,identity,20260506_223655,cka_branch,0.6477694246504042,1.0,0.18084225058555603
cka_branch,ENZYMES,VerticalRes,GCNConv,2,B3,identity,20260506_223713,cka_branch,0.7490278283754984,1.0,0.3668965995311737
cka_branch,ENZYMES,VerticalRes,GCNConv,3,B3,identity,20260506_223725,cka_branch,0.9381345510482788,1.0,0.8254916071891785
cka_branch,ENZYMES,VerticalRes,GCNConv,4,B3,identity,20260506_223716,cka_branch,0.6896797749731276,1.0,0.202410489320755
cka_branch,PROTEINS,HorizontalRes,GCNConv,0,B1,identity,20260507_075815,cka_branch,1.0,1.0,1.0
cka_branch,PROTEINS,HorizontalRes,GCNConv,0,B2,identity,20260507_075937,cka_branch,0.9993638098239899,1.0,0.9987276196479797
cka_branch,PROTEINS,HorizontalRes,GCNConv,0,B3,identity,20260506_220101,cka_branch,0.9900406201680502,1.0000001192092896,0.9726095795631409
cka_branch,PROTEINS,HorizontalRes,GCNConv,0,B3,identity,20260506_221921,cka_branch,0.9691394567489624,1.0,0.9085258841514587
cka_branch,PROTEINS,HorizontalRes,GCNConv,0,B3,identity,20260507_080101,cka_branch,0.9680309693018595,1.0,0.9050013422966003
cka_branch,PROTEINS,HorizontalRes,GCNConv,0,B4,identity,20260507_080459,cka_branch,0.9626906663179398,1.0,0.8743503093719482
cka_branch,PROTEINS,HorizontalRes,GCNConv,0,B5,identity,20260507_080928,cka_branch,0.9538010096549988,1.000000238418579,0.8443909287452698
cka_branch,PROTEINS,HorizontalRes,GCNConv,0,B6,identity,20260507_081527,cka_branch,0.8441834814018674,1.0000001192092896,0.5512561798095703
cka_branch,PROTEINS,HorizontalRes,GCNConv,0,B7,identity,20260507_082054,cka_branch,0.9332307418998407,1.0,0.8302762508392334
cka_branch,PROTEINS,HorizontalRes,GCNConv,0,B8,identity,20260507_082958,cka_branch,0.8473132508806884,1.0000001192092896,0.372893750667572
cka_branch,PROTEINS,HorizontalRes,GCNConv,1,B1,identity,20260507_075823,cka_branch,1.0,1.0,1.0
cka_branch,PROTEINS,HorizontalRes,GCNConv,1,B2,identity,20260507_075956,cka_branch,0.9999962449073792,1.0,0.9999924898147583
cka_branch,PROTEINS,HorizontalRes,GCNConv,1,B3,identity,20260506_221942,cka_branch,0.9982293976677789,1.0,0.9947488903999329
cka_branch,PROTEINS,HorizontalRes,GCNConv,1,B3,identity,20260507_080159,cka_branch,0.9974697497155931,1.0,0.9924786686897278
cka_branch,PROTEINS,HorizontalRes,GCNConv,1,B4,identity,20260507_080521,cka_branch,0.9921183213591576,1.0,0.9745071530342102
cka_branch,PROTEINS,HorizontalRes,GCNConv,1,B5,identity,20260507_080959,cka_branch,0.7288646543025971,1.000000238418579,0.23467852175235748
cka_branch,PROTEINS,HorizontalRes,GCNConv,1,B6,identity,20260507_081602,cka_branch,0.9593239194817014,1.0,0.8510472178459167
cka_branch,PROTEINS,HorizontalRes,GCNConv,1,B7,identity,20260507_082355,cka_branch,0.9472602046265894,1.0000003576278687,0.8178924322128296
cka_branch,PROTEINS,HorizontalRes,GCNConv,1,B8,identity,20260507_083026,cka_branch,0.9777926057577133,1.0,0.9021080136299133
cka_branch,PROTEINS,HorizontalRes,GCNConv,2,B1,identity,20260507_075823,cka_branch,1.0,1.0,1.0
cka_branch,PROTEINS,HorizontalRes,GCNConv,2,B2,identity,20260507_075925,cka_branch,0.9999707341194153,1.0,0.9999414682388306
cka_branch,PROTEINS,HorizontalRes,GCNConv,2,B3,identity,20260506_221939,cka_branch,0.9992752340104845,1.0,0.9978755116462708
cka_branch,PROTEINS,HorizontalRes,GCNConv,2,B3,identity,20260507_080133,cka_branch,0.9995575613445706,1.0,0.9987619519233704
cka_branch,PROTEINS,HorizontalRes,GCNConv,2,B4,identity,20260507_080434,cka_branch,0.9719966650009155,1.0,0.9067191481590271
cka_branch,PROTEINS,HorizontalRes,GCNConv,2,B5,identity,20260507_080908,cka_branch,0.9317150378227234,1.0,0.7884292602539062
cka_branch,PROTEINS,HorizontalRes,GCNConv,2,B6,identity,20260507_081438,cka_branch,0.9775370409091314,1.0,0.9092734456062317
cka_branch,PROTEINS,HorizontalRes,GCNConv,2,B7,identity,20260507_082132,cka_branch,0.9793519353380009,1.0,0.9373220801353455
cka_branch,PROTEINS,HorizontalRes,GCNConv,2,B8,identity,20260507_082750,cka_branch,0.9509124038740993,1.0,0.7805967330932617
cka_branch,PROTEINS,HorizontalRes,GCNConv,3,B1,identity,20260507_075842,cka_branch,1.0,1.0,1.0
cka_branch,PROTEINS,HorizontalRes,GCNConv,3,B2,identity,20260507_080005,cka_branch,0.999233067035675,1.0,0.9984661340713501
cka_branch,PROTEINS,HorizontalRes,GCNConv,3,B3,identity,20260506_221946,cka_branch,0.995850596163008,1.0000001192092896,0.9878307580947876
cka_branch,PROTEINS,HorizontalRes,GCNConv,3,B3,identity,20260507_080205,cka_branch,0.9978224900033739,1.0,0.9937322735786438
cka_branch,PROTEINS,HorizontalRes,GCNConv,3,B4,identity,20260507_080632,cka_branch,0.9749660417437553,1.0,0.9174448847770691
cka_branch,PROTEINS,HorizontalRes,GCNConv,3,B5,identity,20260507_081128,cka_branch,0.9654723954200745,1.0,0.918246865272522
cka_branch,PROTEINS,HorizontalRes,GCNConv,3,B6,identity,20260507_081811,cka_branch,0.8945201949940788,1.0,0.7029992341995239
cka_branch,PROTEINS,HorizontalRes,GCNConv,3,B7,identity,20260507_082431,cka_branch,0.9046115218376627,1.000000238418579,0.6162848472595215
cka_branch,PROTEINS,HorizontalRes,GCNConv,3,B8,identity,20260507_083143,cka_branch,0.9254432832822204,1.000000238418579,0.7712560892105103
cka_branch,PROTEINS,HorizontalRes,GCNConv,4,B1,identity,20260507_075844,cka_branch,1.000000238418579,1.000000238418579,1.000000238418579
cka_branch,PROTEINS,HorizontalRes,GCNConv,4,B2,identity,20260507_080009,cka_branch,0.9998865127563477,1.000000238418579,0.9997729063034058
cka_branch,PROTEINS,HorizontalRes,GCNConv,4,B3,identity,20260506_222002,cka_branch,0.9983518852127923,1.0,0.9951759576797485
cka_branch,PROTEINS,HorizontalRes,GCNConv,4,B3,identity,20260507_080231,cka_branch,0.9987336330943637,1.000000238418579,0.9963359832763672
cka_branch,PROTEINS,HorizontalRes,GCNConv,4,B4,identity,20260507_080621,cka_branch,0.9965260177850723,1.0,0.9892603754997253
cka_branch,PROTEINS,HorizontalRes,GCNConv,4,B5,identity,20260507_081113,cka_branch,0.8497221159934998,1.000000238418579,0.5237292647361755
cka_branch,PROTEINS,HorizontalRes,GCNConv,4,B6,identity,20260507_081740,cka_branch,0.9567997985415988,1.0000001192092896,0.8740559816360474
cka_branch,PROTEINS,HorizontalRes,GCNConv,4,B7,identity,20260507_082332,cka_branch,0.9767800338414251,1.0,0.913759171962738
cka_branch,PROTEINS,HorizontalRes,GCNConv,4,B8,identity,20260507_083156,cka_branch,0.9480686644092202,1.0,0.8118261098861694
cka_branch,PROTEINS,MatrixResGated,GCNConv,0,B1,sparse,20260507_091732,cka_branch,1.0,1.0,1.0
cka_branch,PROTEINS,MatrixResGated,GCNConv,0,B2,sparse,20260507_092148,cka_branch,0.9999498724937439,1.0,0.9998996257781982
cka_branch,PROTEINS,MatrixResGated,GCNConv,0,B3,sparse,20260506_220105,cka_branch,0.9990473985671997,1.0,0.9973194599151611
cka_branch,PROTEINS,MatrixResGated,GCNConv,0,B3,sparse,20260506_222218,cka_branch,0.9992434051301744,1.0,0.9979300498962402
cka_branch,PROTEINS,MatrixResGated,GCNConv,0,B3,sparse,20260507_080508,cka_branch,0.9997520844141642,1.0,0.9993686079978943
cka_branch,PROTEINS,MatrixResGated,GCNConv,0,B3,sparse,20260507_080732,cka_branch,0.9989687071906196,1.0,0.9970492720603943
cka_branch,PROTEINS,MatrixResGated,GCNConv,0,B3,sparse,20260507_080735,cka_branch,0.998623960547977,1.0000001192092896,0.9959981441497803
cka_branch,PROTEINS,MatrixResGated,GCNConv,0,B3,sparse,20260507_080741,cka_branch,0.988151298628913,1.0,0.9654172658920288
cka_branch,PROTEINS,MatrixResGated,GCNConv,0,B3,sparse,20260507_081000,cka_branch,0.9988559948073493,1.0000001192092896,0.9966174960136414
cka_branch,PROTEINS,MatrixResGated,GCNConv,0,B3,sparse,20260507_081007,cka_branch,0.9991580645243326,1.0,0.9976689219474792
cka_branch,PROTEINS,MatrixResGated,GCNConv,0,B3,sparse,20260507_081014,cka_branch,0.9989400042427911,1.0,0.9969761371612549
cka_branch,PROTEINS,MatrixResGated,GCNConv,0,B3,sparse,20260507_081237,cka_branch,0.9993911981582642,1.0,0.9984074234962463
cka_branch,PROTEINS,MatrixResGated,GCNConv,0,B3,sparse,20260507_081244,cka_branch,0.9951057566536797,1.0,0.9854781031608582
cka_branch,PROTEINS,MatrixResGated,GCNConv,0,B3,sparse,20260507_081253,cka_branch,0.9994294775856866,1.0,0.9984155893325806
cka_branch,PROTEINS,MatrixResGated,GCNConv,0,B3,sparse,20260507_081510,cka_branch,0.9984127614233229,1.0,0.995302140712738
cka_branch,PROTEINS,MatrixResGated,GCNConv,0,B3,sparse,20260507_081524,cka_branch,0.9989985095130073,1.000000238418579,0.9970523715019226
cka_branch,PROTEINS,MatrixResGated,GCNConv,0,B3,sparse,20260507_081533,cka_branch,0.9987712833616469,1.0,0.9963870048522949
cka_branch,PROTEINS,MatrixResGated,GCNConv,0,B3,sparse,20260507_081752,cka_branch,0.9991748332977295,1.0,0.9976897239685059
cka_branch,PROTEINS,MatrixResGated,GCNConv,0,B3,sparse,20260507_081805,cka_branch,0.9983543223804898,1.0,0.9951847195625305
cka_branch,PROTEINS,MatrixResGated,GCNConv,0,B3,sparse,20260507_081814,cka_branch,0.9834276636441549,1.0,0.9539437890052795
cka_branch,PROTEINS,MatrixResGated,GCNConv,0,B3,sparse,20260507_082035,cka_branch,0.9984982212384542,1.000000238418579,0.9957790374755859
cka_branch,PROTEINS,MatrixResGated,GCNConv,0,B3,sparse,20260507_082048,cka_branch,0.9989838732613457,1.0,0.9970957040786743
cka_branch,PROTEINS,MatrixResGated,GCNConv,0,B3,sparse,20260507_082057,cka_branch,0.999575654665629,1.000000238418579,0.9988090395927429
cka_branch,PROTEINS,MatrixResGated,GCNConv,0,B3,sparse,20260507_092516,cka_branch,0.9988107283910116,1.0,0.9965993165969849
cka_branch,PROTEINS,MatrixResGated,GCNConv,0,B4,sparse,20260507_092906,cka_branch,0.9886543788015842,1.0,0.9619379639625549
cka_branch,PROTEINS,MatrixResGated,GCNConv,0,B5,sparse,20260507_093625,cka_branch,0.9868813276290893,1.0,0.9634657502174377
cka_branch,PROTEINS,MatrixResGated,GCNConv,0,B6,sparse,20260507_094310,cka_branch,0.9797383712397681,1.0,0.940021812915802
cka_branch,PROTEINS,MatrixResGated,GCNConv,0,B7,sparse,20260507_095516,cka_branch,0.9890769111866854,1.0000001192092896,0.973177969455719
cka_branch,PROTEINS,MatrixResGated,GCNConv,0,B8,sparse,20260507_100244,cka_branch,0.9475171780213714,1.0000001192092896,0.8123868107795715
cka_branch,PROTEINS,MatrixResGated,GCNConv,1,B1,sparse,20260507_091839,cka_branch,1.0,1.0,1.0
cka_branch,PROTEINS,MatrixResGated,GCNConv,1,B2,sparse,20260507_092143,cka_branch,0.9998042583465576,1.0,0.9996083974838257
cka_branch,PROTEINS,MatrixResGated,GCNConv,1,B3,sparse,20260506_222231,cka_branch,0.99954002433353,1.0,0.9988911151885986
cka_branch,PROTEINS,MatrixResGated,GCNConv,1,B3,sparse,20260507_092610,cka_branch,0.999613364537557,1.0,0.9989434480667114
cka_branch,PROTEINS,MatrixResGated,GCNConv,1,B4,sparse,20260507_092943,cka_branch,0.9811030104756355,1.0,0.9346675872802734
cka_branch,PROTEINS,MatrixResGated,GCNConv,1,B5,sparse,20260507_093636,cka_branch,0.9905278873443604,1.0,0.9685595035552979
cka_branch,PROTEINS,MatrixResGated,GCNConv,1,B6,sparse,20260507_094557,cka_branch,0.9156856189171473,1.0000001192092896,0.7342597246170044
cka_branch,PROTEINS,MatrixResGated,GCNConv,1,B7,sparse,20260507_095442,cka_branch,0.9720603677691245,1.0000001192092896,0.9293645620346069
cka_branch,PROTEINS,MatrixResGated,GCNConv,1,B8,sparse,20260507_100451,cka_branch,0.9393632896244526,1.0,0.8364124894142151
cka_branch,PROTEINS,MatrixResGated,GCNConv,2,B1,sparse,20260507_091922,cka_branch,1.0,1.0,1.0
cka_branch,PROTEINS,MatrixResGated,GCNConv,2,B2,sparse,20260507_092158,cka_branch,0.9998616278171539,1.0,0.9997232556343079
cka_branch,PROTEINS,MatrixResGated,GCNConv,2,B3,sparse,20260506_222245,cka_branch,0.9978815317153931,1.0,0.9938247203826904
cka_branch,PROTEINS,MatrixResGated,GCNConv,2,B3,sparse,20260507_092611,cka_branch,0.998003257645501,1.0,0.9943176507949829
cka_branch,PROTEINS,MatrixResGated,GCNConv,2,B4,sparse,20260507_093053,cka_branch,0.9918013289570808,1.0,0.9728887677192688
cka_branch,PROTEINS,MatrixResGated,GCNConv,2,B5,sparse,20260507_093532,cka_branch,0.9917049384117127,1.000000238418579,0.9707919955253601
cka_branch,PROTEINS,MatrixResGated,GCNConv,2,B6,sparse,20260507_094601,cka_branch,0.9775340656439463,1.0000001192092896,0.9182108044624329
cka_branch,PROTEINS,MatrixResGated,GCNConv,2,B7,sparse,20260507_095434,cka_branch,0.9902988270837434,1.0,0.9744458198547363
cka_branch,PROTEINS,MatrixResGated,GCNConv,2,B8,sparse,20260507_100705,cka_branch,0.9278748463839293,1.0000001192092896,0.7652900218963623
cka_branch,PROTEINS,MatrixResGated,GCNConv,3,B1,sparse,20260507_092001,cka_branch,1.0,1.0,1.0
cka_branch,PROTEINS,MatrixResGated,GCNConv,3,B2,sparse,20260507_092323,cka_branch,0.999022051692009,1.0,0.998043954372406
cka_branch,PROTEINS,MatrixResGated,GCNConv,3,B3,sparse,20260506_222301,cka_branch,0.9989597135119967,1.0,0.996955931186676
cka_branch,PROTEINS,MatrixResGated,GCNConv,3,B3,sparse,20260507_092711,cka_branch,0.9985766410827637,1.0,0.9958193302154541
cka_branch,PROTEINS,MatrixResGated,GCNConv,3,B4,sparse,20260507_093152,cka_branch,0.9920990765094757,1.0,0.9740924835205078
cka_branch,PROTEINS,MatrixResGated,GCNConv,3,B5,sparse,20260507_094027,cka_branch,0.9705016255378723,1.0000001192092896,0.897106409072876
cka_branch,PROTEINS,MatrixResGated,GCNConv,3,B6,sparse,20260507_094828,cka_branch,0.9898823135428958,1.000000238418579,0.9725473523139954
cka_branch,PROTEINS,MatrixResGated,GCNConv,3,B7,sparse,20260507_100112,cka_branch,0.9882394756589618,1.0,0.9704833030700684
cka_branch,PROTEINS,MatrixResGated,GCNConv,3,B8,sparse,20260507_100847,cka_branch,0.9594169752672315,1.0,0.8744229674339294
cka_branch,PROTEINS,MatrixResGated,GCNConv,4,B1,sparse,20260507_091950,cka_branch,1.0,1.0,1.0
cka_branch,PROTEINS,MatrixResGated,GCNConv,4,B2,sparse,20260507_092250,cka_branch,0.9995521903038025,1.0,0.9991042613983154
cka_branch,PROTEINS,MatrixResGated,GCNConv,4,B3,sparse,20260506_222306,cka_branch,0.9991469317012363,1.0000001192092896,0.9975659251213074
cka_branch,PROTEINS,MatrixResGated,GCNConv,4,B3,sparse,20260507_092751,cka_branch,0.9991571307182312,1.0,0.9975985288619995
cka_branch,PROTEINS,MatrixResGated,GCNConv,4,B4,sparse,20260507_093147,cka_branch,0.993142731487751,1.0000001192092896,0.9769666194915771
cka_branch,PROTEINS,MatrixResGated,GCNConv,4,B5,sparse,20260507_093905,cka_branch,0.9965117120742798,1.0,0.9901832342147827
cka_branch,PROTEINS,MatrixResGated,GCNConv,4,B6,sparse,20260507_094911,cka_branch,0.9839338130421109,1.000000238418579,0.9535313248634338
cka_branch,PROTEINS,MatrixResGated,GCNConv,4,B7,sparse,20260507_095833,cka_branch,0.9315780084960315,1.0,0.8075018525123596
cka_branch,PROTEINS,MatrixResGated,GCNConv,4,B8,sparse,20260507_100813,cka_branch,0.9811507500708103,1.0,0.9358453154563904
cka_branch,PROTEINS,MatrixRes,GCNConv,0,B1,identity,20260507_083105,cka_branch,1.0,1.0,1.0
cka_branch,PROTEINS,MatrixRes,GCNConv,0,B2,identity,20260507_083422,cka_branch,0.9999321401119232,1.0,0.9998642802238464
cka_branch,PROTEINS,MatrixRes,GCNConv,0,B3,identity,20260506_220101,cka_branch,0.9994349612130059,1.0,0.9984960556030273
cka_branch,PROTEINS,MatrixRes,GCNConv,0,B3,identity,20260506_222106,cka_branch,0.9979829324616326,1.000000238418579,0.9940206408500671
cka_branch,PROTEINS,MatrixRes,GCNConv,0,B3,identity,20260507_075923,cka_branch,0.9994932413101196,1.0,0.9985359907150269
cka_branch,PROTEINS,MatrixRes,GCNConv,0,B3,identity,20260507_075924,cka_branch,0.9966281387541029,1.0,0.9899619221687317
cka_branch,PROTEINS,MatrixRes,GCNConv,0,B3,identity,20260507_080102,cka_branch,0.9984782205687629,1.0,0.9954958558082581
cka_branch,PROTEINS,MatrixRes,GCNConv,0,B3,identity,20260507_080247,cka_branch,0.997689876291487,1.0,0.9933374524116516
cka_branch,PROTEINS,MatrixRes,GCNConv,0,B3,identity,20260507_080250,cka_branch,0.9996223317252265,1.0,0.9989182949066162
cka_branch,PROTEINS,MatrixRes,GCNConv,0,B3,identity,20260507_080253,cka_branch,0.9961314664946662,1.0,0.9884921312332153
cka_branch,PROTEINS,MatrixRes,GCNConv,0,B3,identity,20260507_080503,cka_branch,0.997977786593967,1.0,0.9939702153205872
cka_branch,PROTEINS,MatrixRes,GCNConv,0,B3,identity,20260507_080515,cka_branch,0.9992485774887933,1.0,0.9978234767913818
cka_branch,PROTEINS,MatrixRes,GCNConv,0,B3,identity,20260507_083719,cka_branch,0.998780800236596,1.0000001192092896,0.9964503645896912
cka_branch,PROTEINS,MatrixRes,GCNConv,0,B4,identity,20260507_084432,cka_branch,0.9940218888223171,1.0000001192092896,0.9813500642776489
cka_branch,PROTEINS,MatrixRes,GCNConv,0,B5,identity,20260507_084950,cka_branch,0.9871530437469482,1.0,0.9594330191612244
cka_branch,PROTEINS,MatrixRes,GCNConv,0,B6,identity,20260507_085951,cka_branch,0.938908115029335,1.0,0.8142417073249817
cka_branch,PROTEINS,MatrixRes,GCNConv,0,B7,identity,20260507_090742,cka_branch,0.9887654027160333,1.0,0.959563672542572
cka_branch,PROTEINS,MatrixRes,GCNConv,0,B8,identity,20260507_091235,cka_branch,0.9413461005315185,1.0,0.7926780581474304
cka_branch,PROTEINS,MatrixRes,GCNConv,1,B1,identity,20260507_083150,cka_branch,1.0,1.0,1.0
cka_branch,PROTEINS,MatrixRes,GCNConv,1,B2,identity,20260507_083416,cka_branch,0.9998461008071899,1.0,0.9996922016143799
cka_branch,PROTEINS,MatrixRes,GCNConv,1,B3,identity,20260506_214212,cka_branch,0.9986383583810594,1.0,0.9962032437324524
cka_branch,PROTEINS,MatrixRes,GCNConv,1,B3,identity,20260506_222107,cka_branch,0.9995961321724786,1.000000238418579,0.9989179968833923
cka_branch,PROTEINS,MatrixRes,GCNConv,1,B3,identity,20260507_083942,cka_branch,0.9992310206095377,1.0000001192092896,0.9979430437088013
cka_branch,PROTEINS,MatrixRes,GCNConv,1,B4,identity,20260507_084525,cka_branch,0.9674554914236069,1.0,0.8876433372497559
cka_branch,PROTEINS,MatrixRes,GCNConv,1,B5,identity,20260507_085216,cka_branch,0.9880667424201965,1.0,0.9645148515701294
cka_branch,PROTEINS,MatrixRes,GCNConv,1,B6,identity,20260507_090232,cka_branch,0.9568789336416457,1.0,0.8699429631233215
cka_branch,PROTEINS,MatrixRes,GCNConv,1,B7,identity,20260507_090809,cka_branch,0.9861875212922389,1.000000238418579,0.9585889577865601
cka_branch,PROTEINS,MatrixRes,GCNConv,1,B8,identity,20260507_091459,cka_branch,0.8975727977231145,1.000000238418579,0.6725986003875732
cka_branch,PROTEINS,MatrixRes,GCNConv,2,B1,identity,20260507_083232,cka_branch,1.0,1.0,1.0
cka_branch,PROTEINS,MatrixRes,GCNConv,2,B2,identity,20260507_083404,cka_branch,0.9998923242092133,1.0,0.9997847676277161
cka_branch,PROTEINS,MatrixRes,GCNConv,2,B3,identity,20260506_222104,cka_branch,0.9995811316702101,1.0,0.9988895058631897
cka_branch,PROTEINS,MatrixRes,GCNConv,2,B3,identity,20260507_083830,cka_branch,0.9996439549658034,1.0,0.9991598725318909
cka_branch,PROTEINS,MatrixRes,GCNConv,2,B4,identity,20260507_084348,cka_branch,0.9899798333644867,1.0,0.9651374220848083
cka_branch,PROTEINS,MatrixRes,GCNConv,2,B5,identity,20260507_085115,cka_branch,0.9946530103683472,1.0000003576278687,0.9820808172225952
cka_branch,PROTEINS,MatrixRes,GCNConv,2,B6,identity,20260507_090230,cka_branch,0.9469845758544074,1.0,0.8196185827255249
cka_branch,PROTEINS,MatrixRes,GCNConv,2,B7,identity,20260507_090804,cka_branch,0.9910440505767355,1.0000001192092896,0.9687365293502808
cka_branch,PROTEINS,MatrixRes,GCNConv,2,B8,identity,20260507_091657,cka_branch,0.9773239232599735,1.0,0.9189030528068542
cka_branch,PROTEINS,MatrixRes,GCNConv,3,B1,identity,20260507_083236,cka_branch,1.0,1.0,1.0
cka_branch,PROTEINS,MatrixRes,GCNConv,3,B2,identity,20260507_083532,cka_branch,0.9993310421705246,1.0,0.9986621141433716
cka_branch,PROTEINS,MatrixRes,GCNConv,3,B3,identity,20260506_222145,cka_branch,0.9979757269223531,1.0,0.9939581155776978
cka_branch,PROTEINS,MatrixRes,GCNConv,3,B3,identity,20260507_083939,cka_branch,0.9981324606471591,1.0,0.9944283962249756
cka_branch,PROTEINS,MatrixRes,GCNConv,3,B4,identity,20260507_084730,cka_branch,0.984128512442112,1.0000001192092896,0.9546589851379395
cka_branch,PROTEINS,MatrixRes,GCNConv,3,B5,identity,20260507_085525,cka_branch,0.964970440864563,1.0,0.886899471282959
cka_branch,PROTEINS,MatrixRes,GCNConv,3,B6,identity,20260507_090444,cka_branch,0.9783641629748874,1.0,0.9388794898986816
cka_branch,PROTEINS,MatrixRes,GCNConv,3,B7,identity,20260507_091123,cka_branch,0.9821629998635273,1.0,0.9383133053779602
cka_branch,PROTEINS,MatrixRes,GCNConv,3,B8,identity,20260507_092043,cka_branch,0.910183641128242,1.0,0.6713764667510986
cka_branch,PROTEINS,MatrixRes,GCNConv,4,B1,identity,20260507_083227,cka_branch,1.0,1.0,1.0
cka_branch,PROTEINS,MatrixRes,GCNConv,4,B2,identity,20260507_083520,cka_branch,0.9997940361499786,1.0,0.9995880126953125
cka_branch,PROTEINS,MatrixRes,GCNConv,4,B3,identity,20260506_222142,cka_branch,0.9992076555887858,1.0,0.9976418614387512
cka_branch,PROTEINS,MatrixRes,GCNConv,4,B3,identity,20260507_084012,cka_branch,0.9992081589168973,1.0,0.9976431727409363
cka_branch,PROTEINS,MatrixRes,GCNConv,4,B4,identity,20260507_084644,cka_branch,0.9958764798939228,1.0,0.9877285957336426
cka_branch,PROTEINS,MatrixRes,GCNConv,4,B5,identity,20260507_085419,cka_branch,0.9893165135383606,1.0,0.963215172290802
cka_branch,PROTEINS,MatrixRes,GCNConv,4,B6,identity,20260507_090504,cka_branch,0.996076418293847,1.0,0.9884014129638672
cka_branch,PROTEINS,MatrixRes,GCNConv,4,B7,identity,20260507_091019,cka_branch,0.9806252657150736,1.0,0.9451501965522766
cka_branch,PROTEINS,MatrixRes,GCNConv,4,B8,identity,20260507_091919,cka_branch,0.9748087143525481,1.0000001192092896,0.9230591058731079
cka_branch,PROTEINS,Plain,GCNConv,0,B3,identity,20260506_220056,cka_branch,0.9728175666597154,1.0,0.9454723596572876
cka_branch,PROTEINS,Plain,GCNConv,0,B3,identity,20260506_221748,cka_branch,0.9452294641070895,1.0,0.8791134357452393
cka_branch,PROTEINS,Plain,GCNConv,1,B3,identity,20260506_221803,cka_branch,0.9468581279118856,1.000000238418579,0.8677257895469666
cka_branch,PROTEINS,Plain,GCNConv,2,B3,identity,20260506_221755,cka_branch,0.7410039107004801,1.000000238418579,0.3741459846496582
cka_branch,PROTEINS,Plain,GCNConv,3,B3,identity,20260506_221806,cka_branch,0.9224983851114908,1.0,0.8233789205551147
cka_branch,PROTEINS,Plain,GCNConv,4,B3,identity,20260506_221810,cka_branch,0.8899899654918246,1.0,0.7197922468185425
cka_branch,PROTEINS,VerticalRes,GCNConv,0,B3,identity,20260506_220057,cka_branch,0.9039857188860575,1.0,0.7799686789512634
cka_branch,PROTEINS,VerticalRes,GCNConv,0,B3,identity,20260506_221829,cka_branch,0.8301739030414157,1.0,0.6326135396957397
cka_branch,PROTEINS,VerticalRes,GCNConv,1,B3,identity,20260506_221850,cka_branch,0.6998071405622694,1.0000001192092896,0.2886826694011688
cka_branch,PROTEINS,VerticalRes,GCNConv,2,B3,identity,20260506_220018,cka_branch,0.9888143406973945,1.0,0.9788627028465271
cka_branch,PROTEINS,VerticalRes,GCNConv,2,B3,identity,20260506_221844,cka_branch,0.9365173313352797,1.0,0.8452916741371155
cka_branch,PROTEINS,VerticalRes,GCNConv,3,B3,identity,20260506_221851,cka_branch,0.8616932762993706,1.0,0.6672739386558533
cka_branch,PROTEINS,VerticalRes,GCNConv,4,B3,identity,20260506_221901,cka_branch,0.9348196850882636,1.0,0.8381558060646057
